,reward,timesteps,num_actions,run_num,agent_id
0,-0.3849733579249154,1002,167,0,0
1,-0.3648187472783064,1002,167,0,0
2,-0.38255810238058063,1002,167,0,0
3,-0.3837386574015582,1002,167,0,0
4,-0.38320019600277816,1002,167,0,0
5,-0.38016838819394516,1002,167,0,0
6,-0.3743415348615302,1002,167,0,0
7,-0.3789502266478466,1002,167,0,0
8,-0.387470049144942,1002,167,0,0
9,-0.37819231738699466,1002,167,0,0
10,-0.3784277511890354,1002,167,0,0
11,-0.3800708866716206,1002,167,0,0
12,-0.3768112933693586,1002,167,0,0
13,-0.37657493422816135,1002,167,0,0
14,-0.37518369148345465,1002,167,0,0
15,-0.38015066073760856,1002,167,0,0
16,-0.3764926053059354,1002,167,0,0
17,-0.373192491927437,1002,167,0,0
18,-0.38122044751086126,1002,167,0,0
19,-0.37720421496753564,1002,167,0,0
20,-0.11642147809766691,1002,167,1,0
21,-0.12408595935261016,1002,167,1,0
22,-0.10535183445235187,1002,167,1,0
23,-0.09730263943411088,1002,167,1,0
24,-0.1279682895693907,1002,167,1,0
25,-0.11148196486309395,1002,167,1,0
26,-0.1316793197090884,1002,167,1,0
27,-0.09274577749248275,1002,167,1,0
28,-0.08780937461160672,1002,167,1,0
29,-0.1227639907287452,1002,167,1,0
30,-0.10775816204190655,1002,167,1,0
31,-0.11967409562191868,1002,167,1,0
32,-0.08821455245870928,1002,167,1,0
33,-0.1013685270969891,1002,167,1,0
34,-0.11236300372989089,1002,167,1,0
35,-0.11766005820922537,1002,167,1,0
36,-0.09222129486308644,1002,167,1,0
37,-0.10954807190067606,1002,167,1,0
38,-0.11807495511550728,1002,167,1,0
39,-0.13562609434413053,1002,167,1,0
40,99.74252528863771,588,98,2,0
41,99.70230446455975,600,100,2,0
42,-0.44684099789060244,1002,167,2,0
43,99.76283880155171,618,103,2,0
44,99.7422765606852,666,111,2,0
45,99.7688675845098,618,103,2,0
46,99.736473417352,558,93,2,0
47,99.77266637322698,432,72,2,0
48,99.73297185055598,792,132,2,0
49,99.76435424291509,546,91,2,0
50,99.77862341688302,504,84,2,0
51,99.72512172774233,972,162,2,0
52,99.74021661912816,948,158,2,0
53,99.70877620781789,714,119,2,0
54,99.70383061044454,834,139,2,0
55,99.76304489262067,516,86,2,0
56,99.688548541386,612,102,2,0
57,99.71715273216653,522,87,2,0
58,99.78034323145411,432,72,2,0
59,99.74838983834299,816,136,2,0
60,99.5700992487197,768,128,3,0
61,99.56340729932008,876,146,3,0
62,99.58868187320515,696,116,3,0
63,-0.2021892513401114,1002,167,3,0
64,-0.19853975838355137,1002,167,3,0
65,99.45119825506173,762,127,3,0
66,99.55181397743344,990,165,3,0
67,-0.23554136366347075,1002,167,3,0
68,99.56026376331853,738,123,3,0
69,-0.1837219423714611,1002,167,3,0
70,-0.20029510743321705,1002,167,3,0
71,-0.44114444968007394,1002,167,3,0
72,99.54504941359805,882,147,3,0
73,99.5767137775516,696,116,3,0
74,-0.36201366402172375,1002,167,3,0
75,-0.397568183907735,1002,167,3,0
76,99.51270610733566,672,112,3,0
77,99.50099263528756,852,142,3,0
78,99.55451359555468,780,130,3,0
79,99.45884046387225,972,162,3,0
80,99.62797289469512,504,84,4,0
81,99.53824328504413,684,114,4,0
82,99.6522923708283,462,77,4,0
83,99.53061480395594,474,79,4,0
84,99.52076406686021,510,85,4,0
85,99.54241020440608,468,78,4,0
86,99.5755547536163,504,84,4,0
87,99.65099528208832,462,77,4,0
88,99.60757367993466,570,95,4,0
89,99.6399036189476,426,71,4,0
90,99.57957399366713,540,90,4,0
91,99.66069630118388,426,71,4,0
92,99.6668632849041,498,83,4,0
93,99.6267420417194,690,115,4,0
94,99.53395103779644,582,97,4,0
95,99.54666837754002,654,109,4,0
96,99.66698204389623,534,89,4,0
97,99.45450563000198,882,147,4,0
98,99.67009083912222,498,83,4,0
99,99.66308521404078,540,90,4,0
100,99.67911169063753,390,65,5,0
101,99.67306400884891,504,84,5,0
102,99.67354250726723,546,91,5,0
103,99.63994970485129,546,91,5,0
104,99.67405378427118,342,57,5,0
105,99.51785200572968,708,118,5,0
106,99.52305353619171,672,112,5,0
107,99.56924458397026,546,91,5,0
108,99.71998911700747,432,72,5,0
109,99.54768244562847,450,75,5,0
110,99.53063596585918,528,88,5,0
111,99.63096234054785,348,58,5,0
112,99.68262119923126,342,57,5,0
113,99.6351988894362,348,58,5,0
114,99.66119845020495,510,85,5,0
115,99.60210025228314,636,106,5,0
116,99.603716988626,510,85,5,0
117,99.59081630670838,474,79,5,0
118,99.66031315755701,606,101,5,0
119,99.6424055460875,468,78,5,0
120,99.5214849412302,504,84,6,0
121,99.56748116802315,432,72,6,0
122,99.48692804520107,360,60,6,0
123,99.52485500210962,354,59,6,0
124,99.53860978688094,354,59,6,0
125,99.52917649955505,354,59,6,0
126,99.48982291350781,432,72,6,0
127,99.56214224013286,348,58,6,0
128,99.59461393541727,348,58,6,0
129,99.45512840619496,366,61,6,0
130,99.57861705908871,396,66,6,0
131,99.45648702569792,438,73,6,0
132,99.5841352331502,348,58,6,0
133,99.59981209896036,384,64,6,0
134,99.48087883147824,360,60,6,0
135,99.372786920214,618,103,6,0
136,99.4190787605304,612,102,6,0
137,99.49643033610226,546,91,6,0
138,99.38162934051158,534,89,6,0
139,99.59780687825896,354,59,6,0
140,99.56623321978644,264,44,7,0
141,99.29955022026189,552,92,7,0
142,99.35433957131504,432,72,7,0
143,99.3050118508003,642,107,7,0
144,99.37875555277245,444,74,7,0
145,99.46403592339664,510,85,7,0
146,99.55435202795108,270,45,7,0
147,99.55272407390127,342,57,7,0
148,99.4606006290527,558,93,7,0
149,99.54879902096124,264,44,7,0
150,99.32418007898696,798,133,7,0
151,99.48638747183297,420,70,7,0
152,99.48163498877703,348,58,7,0
153,99.29055671240208,672,112,7,0
154,99.51985783323015,432,72,7,0
155,99.43227199406134,354,59,7,0
156,99.58187873483877,264,44,7,0
157,99.42489425084563,360,60,7,0
158,99.550588888194,348,58,7,0
159,99.52788765171246,426,71,7,0
160,-0.3843273500990209,1002,167,8,0
161,99.58762949721607,768,128,8,0
162,-0.15948675700734855,1002,167,8,0
163,-0.15215347427233586,1002,167,8,0
164,99.54209509320252,624,104,8,0
165,-0.3739185333658939,1002,167,8,0
166,99.65030501390633,648,108,8,0
167,99.5019802826243,816,136,8,0
168,99.59592685084196,618,103,8,0
169,99.60702934860271,762,127,8,0
170,99.60943337629529,612,102,8,0
171,99.60011015402256,582,97,8,0
172,99.61085796078928,576,96,8,0
173,99.48390638992917,930,155,8,0
174,99.65267193299039,498,83,8,0
175,-0.14161438313078767,1002,167,8,0
176,99.6242233293324,534,89,8,0
177,99.58663782571166,912,152,8,0
178,99.60246409040097,726,121,8,0
179,99.5647582851779,990,165,8,0
180,99.60897167279983,858,143,9,0
181,99.62722952373905,642,107,9,0
182,99.66101296768642,420,70,9,0
183,99.5826788188586,504,84,9,0
184,99.62774721120434,612,102,9,0
185,99.68593324617306,420,70,9,0
186,99.62808735160544,732,122,9,0
187,99.61218906162834,420,70,9,0
188,-0.40197612921129017,1002,167,9,0
189,99.58346532909862,696,116,9,0
190,99.66536178365628,468,78,9,0
191,99.64219269614922,654,109,9,0
192,99.47990971943665,678,113,9,0
193,99.47412582375726,852,142,9,0
194,99.56970839499292,834,139,9,0
195,99.63918160393331,618,103,9,0
196,99.52857309369456,546,91,9,0
197,99.55902799963783,696,116,9,0
198,99.63951661465806,984,164,9,0
199,99.5992240199133,456,76,9,0
200,99.35149707717906,630,105,10,0
201,99.54407377310643,570,95,10,0
202,99.51840912179154,612,102,10,0
203,99.54099876307019,420,70,10,0
204,99.55292615871603,384,64,10,0
205,99.59079803013826,378,63,10,0
206,99.4906702120849,420,70,10,0
207,99.53570362817526,420,70,10,0
208,99.4751471098478,462,77,10,0
209,99.54536700163476,474,79,10,0
210,99.46673105458119,732,122,10,0
211,99.53974150794018,582,97,10,0
212,99.48701461665704,384,64,10,0
213,99.43708608367676,660,110,10,0
214,99.43170087497872,468,78,10,0
215,99.40540057897975,510,85,10,0
216,99.51620316740382,576,96,10,0
217,99.54749706179695,588,98,10,0
218,99.56892599620501,492,82,10,0
219,99.55648296842965,384,64,10,0
220,99.46909753407179,366,61,11,0
221,99.43846893024732,270,45,11,0
222,99.25028214383052,324,54,11,0
223,99.40321079200307,264,44,11,0
224,99.46491650921224,294,49,11,0
225,99.46957499543944,324,54,11,0
226,99.43781761578538,432,72,11,0
227,99.35583214667051,294,49,11,0
228,99.35918598500427,264,44,11,0
229,99.3980789030289,270,45,11,0
230,99.41631770355582,270,45,11,0
231,99.41266528939818,270,45,11,0
232,99.31131037858933,306,51,11,0
233,98.97389603176165,324,54,11,0
234,99.2866829855832,312,52,11,0
235,99.17025365777758,282,47,11,0
236,99.20977349405806,318,53,11,0
237,99.44443370372227,264,44,11,0
238,99.46361261201321,354,59,11,0
239,99.38767822201793,312,52,11,0
240,99.36751674140285,282,47,12,0
241,99.11460591483693,330,55,12,0
242,99.10586924488734,276,46,12,0
243,99.38224624458459,192,32,12,0
244,99.40676508971933,192,32,12,0
245,99.33089306971675,276,46,12,0
246,99.23247327673629,306,51,12,0
247,98.9289970176858,312,52,12,0
248,99.24815044358895,270,45,12,0
249,98.98525663830925,372,62,12,0
250,99.32735464131868,192,32,12,0
251,99.30434999886883,198,33,12,0
252,99.33835076995621,192,32,12,0
253,99.25270252271135,270,45,12,0
254,99.31907254957243,192,32,12,0
255,99.39698158901919,198,33,12,0
256,99.0618380514652,360,60,12,0
257,99.29530244380778,198,33,12,0
258,99.25112557777732,264,44,12,0
259,99.37614478161824,192,32,12,0
260,99.20434460414465,294,49,13,0
261,98.84668838522357,294,49,13,0
262,99.07286235199534,306,51,13,0
263,99.22451613422749,282,47,13,0
264,99.28094788587725,186,31,13,0
265,99.2725621515475,186,31,13,0
266,99.09416902727375,360,60,13,0
267,99.3032662170602,186,31,13,0
268,99.2343183940711,192,32,13,0
269,99.0475184424485,282,47,13,0
270,99.24121426378188,192,32,13,0
271,98.85308548542541,336,56,13,0
272,98.78657302673761,372,62,13,0
273,98.9772110927107,276,46,13,0
274,99.28270588066381,180,30,13,0
275,99.09158112860725,294,49,13,0
276,98.76067905921843,408,68,13,0
277,98.95858466264518,282,47,13,0
278,99.0782139424843,270,45,13,0
279,99.13513406023138,270,45,13,0
280,-0.0015593836338369767,1002,167,0,1
281,-0.0015804161220499065,1002,167,0,1
282,-0.0013908929049454824,1002,167,0,1
283,-0.001522725874844146,1002,167,0,1
284,-0.0015116284268879847,1002,167,0,1
285,-0.0014894648566662813,1002,167,0,1
286,-0.001527091188128707,1002,167,0,1
287,-0.0015457431950334096,1002,167,0,1
288,-0.0016448106381923206,1002,167,0,1
289,-0.0014621401156038512,1002,167,0,1
290,-0.0014206111906256312,1002,167,0,1
291,-0.0015431098069042877,1002,167,0,1
292,-0.001358076993432838,1002,167,0,1
293,-0.0015202290945315793,1002,167,0,1
294,-0.0015030901758608817,1002,167,0,1
295,-0.001487552855238422,1002,167,0,1
296,-0.001598340893441263,1002,167,0,1
297,-0.0015134827680840196,1002,167,0,1
298,-0.0016161077478613714,1002,167,0,1
299,-0.0014386435963953748,1002,167,0,1
300,-0.22960586376225273,1002,167,1,1
301,-0.22113966539283914,1002,167,1,1
302,-0.2053533000201555,1002,167,1,1
303,-0.23093030929862857,1002,167,1,1
304,-0.21399814613993812,1002,167,1,1
305,-0.19558778676295327,1002,167,1,1
306,-0.21942143459439245,1002,167,1,1
307,-0.1940093809876161,1002,167,1,1
308,-0.22193925648132684,1002,167,1,1
309,-0.19862315983494544,1002,167,1,1
310,-0.19832773448866386,1002,167,1,1
311,-0.20787629008455116,1002,167,1,1
312,-0.2106785784408499,1002,167,1,1
313,-0.2036850823425186,1002,167,1,1
314,-0.19180590394928387,1002,167,1,1
315,-0.21456709302097715,1002,167,1,1
316,-0.2030296961110551,1002,167,1,1
317,-0.20798603235667615,1002,167,1,1
318,-0.20470323150579478,1002,167,1,1
319,-0.2050237706731286,1002,167,1,1
320,-0.439930474212623,1002,167,2,1
321,-0.3457522561011296,1002,167,2,1
322,-0.3359964258440415,1002,167,2,1
323,-0.3604360455817084,1002,167,2,1
324,-0.3235438031855677,1002,167,2,1
325,-0.3343772077884195,1002,167,2,1
326,-0.3693409645698332,1002,167,2,1
327,-0.3599168307766213,1002,167,2,1
328,-0.34858803619483225,1002,167,2,1
329,-0.3620067991272606,1002,167,2,1
330,-0.5117944304418296,1002,167,2,1
331,-0.48872343832205944,1002,167,2,1
332,-0.38664754627314923,1002,167,2,1
333,-0.3844236614969743,1002,167,2,1
334,-0.3573082754662668,1002,167,2,1
335,-0.4479786383055198,1002,167,2,1
336,-0.3732060280727549,1002,167,2,1
337,-0.336414985367203,1002,167,2,1
338,-0.35893029383360225,1002,167,2,1
339,-0.3512669611899145,1002,167,2,1
340,-0.18293686234485396,1002,167,3,1
341,-0.208014783073738,1002,167,3,1
342,-0.19028807977022116,1002,167,3,1
343,-0.18633111687490445,1002,167,3,1
344,-0.19164707032723066,1002,167,3,1
345,-0.18296580073505417,1002,167,3,1
346,-0.2524271610280425,1002,167,3,1
347,-0.1992763907003166,1002,167,3,1
348,-0.20039751697933303,1002,167,3,1
349,-0.25705464200690065,1002,167,3,1
350,-0.20245439589913508,1002,167,3,1
351,-0.1929027751509094,1002,167,3,1
352,-0.2812086527953808,1002,167,3,1
353,-0.23008740762586585,1002,167,3,1
354,-0.18733733417431936,1002,167,3,1
355,-0.2063606190811701,1002,167,3,1
356,-0.18139466553549294,1002,167,3,1
357,-0.20590690752139879,1002,167,3,1
358,-0.20068371314365824,1002,167,3,1
359,-0.2174393784113801,1002,167,3,1
360,-0.1831355028520215,1002,167,4,1
361,-0.2212062764095488,1002,167,4,1
362,-0.22229942409341216,1002,167,4,1
363,-0.1828061378994999,1002,167,4,1
364,-0.21159377119283532,1002,167,4,1
365,-0.18025487650619465,1002,167,4,1
366,-0.19212874452101972,1002,167,4,1
367,-0.2308786000656715,1002,167,4,1
368,-0.18899507462039716,1002,167,4,1
369,-0.19514016510065532,1002,167,4,1
370,-0.26839197261373365,1002,167,4,1
371,-0.2411631169898185,1002,167,4,1
372,-0.18962587668808784,1002,167,4,1
373,-0.25465140686441956,1002,167,4,1
374,-0.25362944234132223,1002,167,4,1
375,-0.17440287832204873,1002,167,4,1
376,-0.2343524139220039,1002,167,4,1
377,-0.23071392050480166,1002,167,4,1
378,-0.25233935293763804,1002,167,4,1
379,-0.18959260888606375,1002,167,4,1
380,-0.059601583486926554,1002,167,5,1
381,-0.07014180947566181,1002,167,5,1
382,-0.16134937046314377,1002,167,5,1
383,-0.17172453841271346,1002,167,5,1
384,-0.11450325947677206,1002,167,5,1
385,-0.08872650905467164,1002,167,5,1
386,-0.14888428529942555,1002,167,5,1
387,-0.07468250863096508,1002,167,5,1
388,-0.07521858387357988,1002,167,5,1
389,-0.09130680762418902,1002,167,5,1
390,-0.0698032673322299,1002,167,5,1
391,-0.12141808011348307,1002,167,5,1
392,-0.06290115112866339,1002,167,5,1
393,-0.06743887652258186,1002,167,5,1
394,-0.23770702437544639,1002,167,5,1
395,-0.13393986791342605,1002,167,5,1
396,-0.0871706782502581,1002,167,5,1
397,-0.11994117232948208,1002,167,5,1
398,-0.09177101110058769,1002,167,5,1
399,-0.08918970053048009,1002,167,5,1
400,-0.027159337525626433,1002,167,6,1
401,-0.023428067764888923,1002,167,6,1
402,-0.032860080155753583,1002,167,6,1
403,-0.033040399963565274,1002,167,6,1
404,-0.032656698211705276,1002,167,6,1
405,-0.024064938174708207,1002,167,6,1
406,-0.031087118826444625,1002,167,6,1
407,-0.04089705461452355,1002,167,6,1
408,-0.07629372797880257,1002,167,6,1
409,-0.027297585447568114,1002,167,6,1
410,-0.026531449369975816,1002,167,6,1
411,-0.03557296837864893,1002,167,6,1
412,-0.027503950744761557,1002,167,6,1
413,-0.025320796442458694,1002,167,6,1
414,-0.0686229977081077,1002,167,6,1
415,-0.023165963613367962,1002,167,6,1
416,-0.059698769231396547,1002,167,6,1
417,-0.04415052921587391,1002,167,6,1
418,-0.07283827332717344,1002,167,6,1
419,-0.023925749517783056,1002,167,6,1
420,-0.03085222305329187,1002,167,7,1
421,-0.030915381466196667,1002,167,7,1
422,-0.04109259646041201,1002,167,7,1
423,-0.031063449783181214,1002,167,7,1
424,-0.032641079202453904,1002,167,7,1
425,-0.07742397379930076,1002,167,7,1
426,-0.06720299262336717,1002,167,7,1
427,-0.03555054752978496,1002,167,7,1
428,-0.03126393209763628,1002,167,7,1
429,-0.02774318216369861,1002,167,7,1
430,-0.03853818594053346,1002,167,7,1
431,-0.034576024191399574,1002,167,7,1
432,-0.06129821751272972,1002,167,7,1
433,-0.06631041485077928,1002,167,7,1
434,-0.02564456368560656,1002,167,7,1
435,-0.07376318320911408,1002,167,7,1
436,-0.03803083617800038,1002,167,7,1
437,-0.023000278916663938,1002,167,7,1
438,-0.04397684250599668,1002,167,7,1
439,-0.13245993835492303,1002,167,7,1
440,-0.30764466554460507,1002,167,8,1
441,-0.20374007519726278,1002,167,8,1
442,-0.3887052228007019,1002,167,8,1
443,-0.2085260111310293,1002,167,8,1
444,-0.06995232662753101,1002,167,8,1
445,-0.24466488825200797,1002,167,8,1
446,-0.4763424130240921,1002,167,8,1
447,-0.0574658452600879,1002,167,8,1
448,99.42844068426261,996,166,8,1
449,99.38451444243879,888,148,8,1
450,-0.43106310136505044,1002,167,8,1
451,-0.07130902733914665,1002,167,8,1
452,-0.4059800327496765,1002,167,8,1
453,-0.14704751888480508,1002,167,8,1
454,-0.10885534683446818,1002,167,8,1
455,-0.7087498388995812,1002,167,8,1
456,99.35516631437241,900,150,8,1
457,-0.41975687178324295,1002,167,8,1
458,-0.1490143211793907,1002,167,8,1
459,-0.6440693619178235,1002,167,8,1
460,-0.188544404266309,1002,167,9,1
461,-0.863441198899573,1002,167,9,1
462,-0.1708926043896751,1002,167,9,1
463,-0.23362273557893593,1002,167,9,1
464,-0.1870999439103202,1002,167,9,1
465,-0.22999456746652197,1002,167,9,1
466,-0.3794524908796613,1002,167,9,1
467,-0.17490286023657023,1002,167,9,1
468,-0.17137460367736784,1002,167,9,1
469,-0.44265095397148235,1002,167,9,1
470,-1.0386788843781718,1002,167,9,1
471,-0.9419591842214533,1002,167,9,1
472,-0.9548660894986013,1002,167,9,1
473,-0.24678746065969204,1002,167,9,1
474,-0.19847465051160051,1002,167,9,1
475,-0.17636392676290066,1002,167,9,1
476,-0.9985179566908096,1002,167,9,1
477,-0.21119968993515104,1002,167,9,1
478,-0.16847883187855348,1002,167,9,1
479,-0.45298666051938863,1002,167,9,1
480,99.26545169049788,546,91,10,1
481,99.30637232220039,978,163,10,1
482,99.30275234968063,774,129,10,1
483,-0.536354010674927,1002,167,10,1
484,99.31933039360668,636,106,10,1
485,99.26725324839293,798,133,10,1
486,99.36385814253741,618,103,10,1
487,-0.6570402309216476,1002,167,10,1
488,99.26208320160109,708,118,10,1
489,99.30401174016859,624,104,10,1
490,99.28992438488613,792,132,10,1
491,99.18000499777648,918,153,10,1
492,99.24378596877179,630,105,10,1
493,-0.4462115892582205,1002,167,10,1
494,-0.7165783753818906,1002,167,10,1
495,99.03728287976456,780,130,10,1
496,99.03761346761267,954,159,10,1
497,99.192522676311,822,137,10,1
498,99.31413243404398,624,104,10,1
499,-0.2782014941951987,1002,167,10,1
500,-0.6062086668577309,1002,167,11,1
501,-0.5112435395037482,1002,167,11,1
502,98.90110929519972,888,148,11,1
503,-1.2545971934882942,1002,167,11,1
504,-0.740355190263916,1002,167,11,1
505,98.96414182328631,642,107,11,1
506,-0.5366115766441273,1002,167,11,1
507,97.95373496279674,918,153,11,1
508,97.85043441073933,894,149,11,1
509,97.93485237554393,996,166,11,1
510,-1.0453594711861527,1002,167,11,1
511,-1.3357138144786274,1002,167,11,1
512,98.87882674778197,738,123,11,1
513,-0.9048641825416275,1002,167,11,1
514,99.12946045711104,468,78,11,1
515,-0.581882277480976,1002,167,11,1
516,98.7993608275553,672,112,11,1
517,98.93341505476971,810,135,11,1
518,98.95542638763841,588,98,11,1
519,-1.6438840522260136,1002,167,11,1
520,98.85989789659739,636,106,12,1
521,98.86083476980336,816,136,12,1
522,98.79781636309706,492,82,12,1
523,98.87813930493826,582,97,12,1
524,98.8951834372529,576,96,12,1
525,99.12272087954457,390,65,12,1
526,98.650296874872,984,164,12,1
527,99.0067450204762,474,79,12,1
528,98.75151346324925,660,110,12,1
529,98.97619166104649,474,79,12,1
530,98.74295927153564,852,142,12,1
531,98.81327092033482,570,95,12,1
532,98.68864123786041,738,123,12,1
533,98.85220986519545,792,132,12,1
534,99.08987222014837,384,64,12,1
535,99.02909318615824,480,80,12,1
536,98.26727484807569,912,152,12,1
537,98.81538068431671,570,95,12,1
538,98.84538537426643,648,108,12,1
539,98.8055473288917,570,95,12,1
540,99.12958417159562,282,47,13,1
541,99.1396747682922,408,68,13,1
542,99.09813523235657,342,57,13,1
543,99.29329050279145,234,39,13,1
544,99.18234051033198,276,46,13,1
545,99.18516507278466,282,47,13,1
546,99.12250603614297,282,47,13,1
547,98.94584327552799,288,48,13,1
548,99.29179392168089,294,49,13,1
549,99.14051362825539,282,47,13,1
550,98.988853765869,372,62,13,1
551,98.94009604252253,288,48,13,1
552,99.06623700652972,336,56,13,1
553,99.02274046246265,282,47,13,1
554,99.2509726152491,306,51,13,1
555,99.23416202580032,276,46,13,1
556,99.2239082861989,234,39,13,1
557,99.09356616217156,336,56,13,1
558,99.1217446145831,312,52,13,1
559,99.1564984878527,234,39,13,1
560,-4.290943321023703,1002,167,0,2
561,-4.339666375529651,1002,167,0,2
562,-4.270239838934863,1002,167,0,2
563,-4.330218087862536,1002,167,0,2
564,-4.3444116206683265,1002,167,0,2
565,-4.284040199464245,1002,167,0,2
566,-4.296748216839802,1002,167,0,2
567,-4.216419679856476,1002,167,0,2
568,-4.280838921030569,1002,167,0,2
569,-4.3038380163591405,1002,167,0,2
570,-4.240904626219235,1002,167,0,2
571,-4.282833659042513,1002,167,0,2
572,-4.29687973633878,1002,167,0,2
573,-4.280941112329547,1002,167,0,2
574,-4.397051997323283,1002,167,0,2
575,-4.2925068719760056,1002,167,0,2
576,-4.257055217473168,1002,167,0,2
577,-4.268254245721373,1002,167,0,2
578,-4.295895528678592,1002,167,0,2
579,-4.343427573150085,1002,167,0,2
580,-2.2797315877081963,1002,167,1,2
581,-2.302429318476825,1002,167,1,2
582,-2.3016231723852396,1002,167,1,2
583,-2.2901758875785347,1002,167,1,2
584,-2.253080385584379,1002,167,1,2
585,-2.303229519485721,1002,167,1,2
586,-2.279089468985333,1002,167,1,2
587,-2.2976380263817804,1002,167,1,2
588,-2.2834571613484784,1002,167,1,2
589,-2.3405360962728925,1002,167,1,2
590,-2.2817560231392306,1002,167,1,2
591,-2.293352045500429,1002,167,1,2
592,-2.283311952722146,1002,167,1,2
593,-2.2921119185992858,1002,167,1,2
594,-2.3158429129694458,1002,167,1,2
595,-2.2944529886743554,1002,167,1,2
596,-2.308975097251437,1002,167,1,2
597,-2.2876199042658216,1002,167,1,2
598,-2.261644853682495,1002,167,1,2
599,-2.2946515585218408,1002,167,1,2
600,-1.4993091311107434,1002,167,2,2
601,98.516617935396,954,159,2,2
602,98.94177240565075,594,99,2,2
603,-1.302377608889162,1002,167,2,2
604,-1.2547742736537506,1002,167,2,2
605,98.44401034341364,996,166,2,2
606,98.52244378356049,924,154,2,2
607,-1.5033832489983363,1002,167,2,2
608,-1.5023209163911866,1002,167,2,2
609,-1.4552045616112723,1002,167,2,2
610,98.84966696652106,672,112,2,2
611,-1.2413404484326198,1002,167,2,2
612,-1.3406854994566881,1002,167,2,2
613,-1.475739497489893,1002,167,2,2
614,-1.2702036887013972,1002,167,2,2
615,-1.4802214215410858,1002,167,2,2
616,-1.2765617620300338,1002,167,2,2
617,-1.2918143097246721,1002,167,2,2
618,98.43337780694787,972,162,2,2
619,98.56269212279722,888,148,2,2
620,99.322475126999,762,127,3,2
621,99.40576471239248,588,98,3,2
622,-0.5823105877960942,1002,167,3,2
623,99.29259189714449,666,111,3,2
624,99.48484366238912,438,73,3,2
625,99.20181481758382,978,163,3,2
626,99.30726582401198,696,116,3,2
627,99.31301612560335,768,128,3,2
628,-0.7538032535479068,1002,167,3,2
629,99.34710370099086,624,104,3,2
630,99.28105305130983,612,102,3,2
631,99.28137499103214,666,111,3,2
632,99.18774743290057,846,141,3,2
633,99.25704135528406,738,123,3,2
634,99.27225396983138,840,140,3,2
635,99.30122252497128,696,116,3,2
636,99.11451286470844,930,155,3,2
637,99.27474777062912,762,127,3,2
638,99.3359344249817,618,103,3,2
639,99.31140899909377,846,141,3,2
640,-0.8497057880296668,1002,167,4,2
641,-0.9131702904232373,1002,167,4,2
642,-0.8533752403866006,1002,167,4,2
643,-0.8842824538087275,1002,167,4,2
644,-0.8574676975575348,1002,167,4,2
645,-0.8531001819881174,1002,167,4,2
646,-0.844750583063895,1002,167,4,2
647,-0.8518977039781672,1002,167,4,2
648,-0.8316888126240533,1002,167,4,2
649,-0.8460033569569012,1002,167,4,2
650,-0.8866173754098218,1002,167,4,2
651,-0.84566822697882,1002,167,4,2
652,-0.8507579895886601,1002,167,4,2
653,-0.8402831577200305,1002,167,4,2
654,-0.8760647333477268,1002,167,4,2
655,-0.8556614581963145,1002,167,4,2
656,-0.8465822210122423,1002,167,4,2
657,-0.84414375058468,1002,167,4,2
658,-0.8560426238943355,1002,167,4,2
659,-0.8278664881834248,1002,167,4,2
660,-0.6308300417066561,1002,167,5,2
661,-0.6491620653829174,1002,167,5,2
662,-0.5982094134624775,1002,167,5,2
663,-0.650384874726956,1002,167,5,2
664,-0.6206640719448113,1002,167,5,2
665,-0.6067627210335201,1002,167,5,2
666,-0.6017093714179309,1002,167,5,2
667,-0.6214511946198891,1002,167,5,2
668,-0.6062964849026258,1002,167,5,2
669,-0.6103021711025838,1002,167,5,2
670,-0.7284794126561471,1002,167,5,2
671,-0.6435772409403887,1002,167,5,2
672,-0.6016787586760162,1002,167,5,2
673,-0.6220386174064312,1002,167,5,2
674,-0.6203439207982093,1002,167,5,2
675,-0.6360763299337504,1002,167,5,2
676,-0.6827546738225746,1002,167,5,2
677,-0.6035962579690392,1002,167,5,2
678,-0.6406975441537264,1002,167,5,2
679,-0.6155430307453169,1002,167,5,2
680,-0.5700155796693136,1002,167,6,2
681,99.34211047493551,726,121,6,2
682,99.20975172244913,846,141,6,2
683,99.36180727112504,798,133,6,2
684,99.22033256083412,756,126,6,2
685,-0.4070189842733487,1002,167,6,2
686,-0.44174676005952174,1002,167,6,2
687,-0.47431176390138446,1002,167,6,2
688,-0.5725967925120349,1002,167,6,2
689,-0.6464633221890587,1002,167,6,2
690,99.22513298096585,936,156,6,2
691,99.34817453579105,804,134,6,2
692,99.23714495432463,972,162,6,2
693,99.35759970763594,726,121,6,2
694,-0.8054913454182686,1002,167,6,2
695,-0.40467430464436693,1002,167,6,2
696,-0.43454962838402034,1002,167,6,2
697,-0.7151417870099306,1002,167,6,2
698,99.3557087059462,768,128,6,2
699,-0.4866644613068144,1002,167,6,2
700,99.38196489462436,912,152,7,2
701,-0.4205787322944877,1002,167,7,2
702,99.4369212550756,876,146,7,2
703,99.3700115166487,894,149,7,2
704,99.54974617833989,720,120,7,2
705,99.39670352246524,810,135,7,2
706,99.44511955845343,966,161,7,2
707,99.35674667912365,840,140,7,2
708,99.4599695822166,768,128,7,2
709,99.49016694155681,792,132,7,2
710,-0.29458440571118827,1002,167,7,2
711,99.44716634131512,966,161,7,2
712,-0.3590526801896461,1002,167,7,2
713,99.3781312894625,780,130,7,2
714,99.50321600896844,684,114,7,2
715,99.40243416835119,972,162,7,2
716,99.47206436088086,798,133,7,2
717,99.42898290678775,762,127,7,2
718,99.49907204324396,756,126,7,2
719,99.50126332677078,828,138,7,2
720,99.36167238338156,636,106,8,2
721,99.29302830801669,672,112,8,2
722,99.4540467779945,492,82,8,2
723,99.44529605069577,426,71,8,2
724,99.25803434076799,588,98,8,2
725,99.15166496617277,924,154,8,2
726,99.31832116548884,768,128,8,2
727,99.2502881228622,648,108,8,2
728,99.3638764962598,570,95,8,2
729,99.35261138814504,702,117,8,2
730,99.17697833220242,918,153,8,2
731,99.43213134216542,600,100,8,2
732,99.1048667656236,954,159,8,2
733,99.28617563945282,672,112,8,2
734,99.33289624375257,810,135,8,2
735,99.23737868603638,882,147,8,2
736,99.4191345974301,498,83,8,2
737,99.36252494846595,732,122,8,2
738,99.3042446853656,744,124,8,2
739,99.36132013018883,534,89,8,2
740,98.68508403407556,972,162,9,2
741,98.56151794604354,954,159,9,2
742,98.80821125929553,702,117,9,2
743,98.596092838314,882,147,9,2
744,-0.934720313636423,1002,167,9,2
745,98.65342046580908,816,136,9,2
746,-0.9140001582516778,1002,167,9,2
747,-0.8792989790013135,1002,167,9,2
748,98.91548944517763,618,103,9,2
749,-1.2285366072525443,1002,167,9,2
750,99.01650301166214,582,97,9,2
751,98.67359969038769,816,136,9,2
752,98.66557400962674,870,145,9,2
753,-0.8768284552570106,1002,167,9,2
754,98.87391634852057,660,110,9,2
755,98.88678360217494,654,109,9,2
756,98.85497783239656,726,121,9,2
757,99.10864336179424,516,86,9,2
758,-0.924382628557486,1002,167,9,2
759,98.97176670210612,582,97,9,2
760,,1002,167,10,2
761,,1002,167,10,2
762,,1002,167,10,2
763,,1002,167,10,2
764,,1002,167,10,2
765,,1002,167,10,2
766,,1002,167,10,2
767,,1002,167,10,2
768,,1002,167,10,2
769,,1002,167,10,2
770,,1002,167,10,2
771,,1002,167,10,2
772,,1002,167,10,2
773,,1002,167,10,2
774,,1002,167,10,2
775,,1002,167,10,2
776,,1002,167,10,2
777,,1002,167,10,2
778,,1002,167,10,2
779,,1002,167,10,2
780,,1002,167,11,2
781,,1002,167,11,2
782,,1002,167,11,2
783,,1002,167,11,2
784,,1002,167,11,2
785,,1002,167,11,2
786,,1002,167,11,2
787,,1002,167,11,2
788,,1002,167,11,2
789,,1002,167,11,2
790,,1002,167,11,2
791,,1002,167,11,2
792,,1002,167,11,2
793,,1002,167,11,2
794,,1002,167,11,2
795,,1002,167,11,2
796,,1002,167,11,2
797,,1002,167,11,2
798,,1002,167,11,2
799,,1002,167,11,2
800,,1002,167,12,2
801,,1002,167,12,2
802,,1002,167,12,2
803,,1002,167,12,2
804,,1002,167,12,2
805,,1002,167,12,2
806,,1002,167,12,2
807,,1002,167,12,2
808,,1002,167,12,2
809,,1002,167,12,2
810,,1002,167,12,2
811,,1002,167,12,2
812,,1002,167,12,2
813,,1002,167,12,2
814,,1002,167,12,2
815,,1002,167,12,2
816,,1002,167,12,2
817,,1002,167,12,2
818,,1002,167,12,2
819,,1002,167,12,2
820,,1002,167,13,2
821,,1002,167,13,2
822,,1002,167,13,2
823,,1002,167,13,2
824,,1002,167,13,2
825,,1002,167,13,2
826,,1002,167,13,2
827,,1002,167,13,2
828,,1002,167,13,2
829,,1002,167,13,2
830,,1002,167,13,2
831,,1002,167,13,2
832,,1002,167,13,2
833,,1002,167,13,2
834,,1002,167,13,2
835,,1002,167,13,2
836,,1002,167,13,2
837,,1002,167,13,2
838,,1002,167,13,2
839,,1002,167,13,2
840,-0.9212007548009141,1002,167,0,3
841,-0.9495681284542886,1002,167,0,3
842,-0.8897658985795567,1002,167,0,3
843,-1.00191004314409,1002,167,0,3
844,-0.9045947788609067,1002,167,0,3
845,-0.8293221370114052,1002,167,0,3
846,-0.8158936659613132,1002,167,0,3
847,-0.938256929896798,1002,167,0,3
848,-0.8372502328632405,1002,167,0,3
849,-0.9350765065319399,1002,167,0,3
850,-0.9460099672989433,1002,167,0,3
851,-0.9804495641299702,1002,167,0,3
852,-0.8469218898654296,1002,167,0,3
853,-0.9674392786910377,1002,167,0,3
854,-0.8261465781945594,1002,167,0,3
855,-0.8145888352029012,1002,167,0,3
856,-0.9171195305693602,1002,167,0,3
857,-1.2761261794327416,1002,167,0,3
858,-0.8638648788767322,1002,167,0,3
859,-1.2330800025731414,1002,167,0,3
860,98.40018799131379,558,93,1,3
861,98.37608388715645,630,105,1,3
862,97.31467779556077,978,163,1,3
863,98.30943679371794,570,95,1,3
864,98.29231841124026,708,118,1,3
865,98.27512698403645,708,118,1,3
866,98.09117590263384,834,139,1,3
867,97.92841862940227,660,110,1,3
868,98.24449092669744,714,119,1,3
869,-0.7961127694009626,1002,167,1,3
870,98.00878979694791,528,88,1,3
871,98.18558328378847,750,125,1,3
872,98.28742217380082,672,112,1,3
873,98.49218503087593,552,92,1,3
874,98.39583740701703,588,98,1,3
875,-1.374251583935453,1002,167,1,3
876,98.45359539621907,552,92,1,3
877,97.94937404767576,882,147,1,3
878,98.00959375832605,924,154,1,3
879,97.97420696016528,660,110,1,3
880,98.78133346575231,780,130,2,3
881,98.8401663346062,822,137,2,3
882,98.87707655005293,552,92,2,3
883,98.95950251611853,474,79,2,3
884,98.45823770658507,744,124,2,3
885,99.01538784283136,576,96,2,3
886,98.7987780460857,864,144,2,3
887,98.92872189208677,594,99,2,3
888,98.8448010080326,594,99,2,3
889,98.94326330105055,588,98,2,3
890,98.78773845132827,672,112,2,3
891,98.77839542374475,822,137,2,3
892,99.0131490520124,510,85,2,3
893,98.98211716185055,654,109,2,3
894,98.92834804917536,474,79,2,3
895,98.74136029271466,720,120,2,3
896,99.06471058802934,462,77,2,3
897,98.88501165682383,930,155,2,3
898,-0.6457229330206646,1002,167,2,3
899,-1.2517387750321445,1002,167,2,3
900,98.61030894869235,564,94,3,3
901,98.77195697133536,516,86,3,3
902,98.77679317424446,702,117,3,3
903,98.88236131688149,600,100,3,3
904,98.98370212698734,456,76,3,3
905,98.79874603309273,396,66,3,3
906,98.82101204258171,414,69,3,3
907,98.68717460442576,522,87,3,3
908,99.02876728384003,384,64,3,3
909,99.0305827873218,462,77,3,3
910,99.0713422086889,306,51,3,3
911,98.88122365013838,630,105,3,3
912,99.04260671886382,384,64,3,3
913,99.08751905985564,378,63,3,3
914,99.04806108064498,384,64,3,3
915,98.95389505077272,510,85,3,3
916,98.94136558130307,426,71,3,3
917,98.68817873535974,714,119,3,3
918,98.99606648782283,396,66,3,3
919,98.78277126198157,666,111,3,3
920,99.07995164654295,516,86,4,3
921,99.26194900319463,342,57,4,3
922,99.3214948201047,264,44,4,3
923,99.25960858251102,414,69,4,3
924,99.22720536800028,276,46,4,3
925,99.04907815214366,432,72,4,3
926,99.17203090308081,306,51,4,3
927,99.20761079970093,342,57,4,3
928,99.19189775238844,384,64,4,3
929,99.03773678231283,636,106,4,3
930,98.97414508077462,486,81,4,3
931,99.07607528030574,390,65,4,3
932,99.02606341773821,474,79,4,3
933,99.108130687919,348,58,4,3
934,99.11530587720856,390,65,4,3
935,99.00091011179832,474,79,4,3
936,99.05737671412247,438,73,4,3
937,99.20872590126002,426,71,4,3
938,99.25677645987871,306,51,4,3
939,99.13194807801452,432,72,4,3
940,99.01502125672509,468,78,5,3
941,99.2404091809764,228,38,5,3
942,99.16493119583045,300,50,5,3
943,99.17687011497516,336,56,5,3
944,99.1494704341114,396,66,5,3
945,99.03859300753497,456,76,5,3
946,99.21346127883807,288,48,5,3
947,99.00394950671473,342,57,5,3
948,98.82164256998105,360,60,5,3
949,98.99738975639335,414,69,5,3
950,99.15145177107189,330,55,5,3
951,99.0960248027456,498,83,5,3
952,98.96683602084214,438,73,5,3
953,99.20913104008118,342,57,5,3
954,99.21758534949198,300,50,5,3
955,99.19732535658149,342,57,5,3
956,99.08606792789622,486,81,5,3
957,99.06709545399288,420,70,5,3
958,99.16807477476065,414,69,5,3
959,99.15756502136331,336,56,5,3
960,99.24470500312886,366,61,6,3
961,99.15371887939304,336,56,6,3
962,99.26178074868982,324,54,6,3
963,99.30122446399413,216,36,6,3
964,99.27198977901482,420,70,6,3
965,99.17587234236005,258,43,6,3
966,99.25371857787033,252,42,6,3
967,99.09541225482774,264,44,6,3
968,99.24420363540996,336,56,6,3
969,99.20687412353426,258,43,6,3
970,99.19882224456033,258,43,6,3
971,99.3303568857924,258,43,6,3
972,99.30128810840837,258,43,6,3
973,99.14845706597363,336,56,6,3
974,98.99614898191658,312,52,6,3
975,98.93008742046547,570,95,6,3
976,99.29188776093262,222,37,6,3
977,99.20529016074188,276,46,6,3
978,99.27152320851212,252,42,6,3
979,99.24283121790624,234,39,6,3
980,99.17206097429062,582,97,7,3
981,99.23020445328976,378,63,7,3
982,99.42596401442145,372,62,7,3
983,99.39782311965433,372,62,7,3
984,99.47910301026354,258,43,7,3
985,99.3571212102238,462,77,7,3
986,99.43223698250164,324,54,7,3
987,99.32944454068915,552,92,7,3
988,99.33639389898521,294,49,7,3
989,99.2043961102969,342,57,7,3
990,99.3952974803663,294,49,7,3
991,99.4099527372934,288,48,7,3
992,99.44259978395819,306,51,7,3
993,99.49420664004077,252,42,7,3
994,99.23780146167012,420,70,7,3
995,99.46604081074084,258,43,7,3
996,99.35127712034644,414,69,7,3
997,99.43413904236219,288,48,7,3
998,99.37740249784709,366,61,7,3
999,99.4177572387448,324,54,7,3
1000,99.10955347824542,348,58,8,3
1001,99.42171875091627,252,42,8,3
1002,99.417253150782,294,49,8,3
1003,99.20457245901383,258,43,8,3
1004,99.21514873070502,456,76,8,3
1005,99.2426889302693,300,50,8,3
1006,99.42942898388449,252,42,8,3
1007,99.37352810787813,408,68,8,3
1008,99.32397389055456,366,61,8,3
1009,99.39338933236331,372,62,8,3
1010,99.13320138827301,378,63,8,3
1011,99.4215959388085,324,54,8,3
1012,99.354139175286,288,48,8,3
1013,99.38794520888311,252,42,8,3
1014,99.2747073324474,294,49,8,3
1015,99.16340189488714,504,84,8,3
1016,99.37677790985182,258,43,8,3
1017,99.38331354293118,288,48,8,3
1018,99.09964212736244,378,63,8,3
1019,98.89232191115111,414,69,8,3
1020,99.13618591219047,312,52,9,3
1021,99.25693207551042,300,50,9,3
1022,99.3807927848957,342,57,9,3
1023,99.49009532436455,282,47,9,3
1024,99.4286628338689,216,36,9,3
1025,99.42910535811613,330,55,9,3
1026,99.30808570551584,414,69,9,3
1027,99.42414274423068,414,69,9,3
1028,99.43585376370652,426,71,9,3
1029,99.40883357013743,252,42,9,3
1030,99.44507945108036,408,68,9,3
1031,99.349931393388,252,42,9,3
1032,99.40441530048136,372,62,9,3
1033,99.39641638117602,252,42,9,3
1034,99.35209559344335,288,48,9,3
1035,99.46528550566524,288,48,9,3
1036,99.3096519119498,372,62,9,3
1037,99.08156792300119,318,53,9,3
1038,99.49077737657282,258,43,9,3
1039,99.43445328085106,324,54,9,3
1040,99.34821035140352,288,48,10,3
1041,99.41379845576522,228,38,10,3
1042,99.3885708656465,252,42,10,3
1043,99.43393553971416,294,49,10,3
1044,99.39693432693153,288,48,10,3
1045,99.19474922524773,258,43,10,3
1046,99.40228586618558,234,39,10,3
1047,99.34397197086697,252,42,10,3
1048,99.47085336838157,324,54,10,3
1049,99.32782285680007,402,67,10,3
1050,99.21316360183184,294,49,10,3
1051,99.1016288164525,306,51,10,3
1052,99.12889668331385,384,64,10,3
1053,99.40486802138054,294,49,10,3
1054,99.46181165775715,300,50,10,3
1055,99.30320828697089,330,55,10,3
1056,99.4755113969275,294,49,10,3
1057,99.41492092692465,252,42,10,3
1058,99.05386666176425,312,52,10,3
1059,99.45897047030697,318,53,10,3
1060,99.45099177278185,330,55,11,3
1061,99.43288468081965,180,30,11,3
1062,99.13966865249091,258,43,11,3
1063,99.46940101415295,174,29,11,3
1064,99.39400128645916,246,41,11,3
1065,99.44434347816191,216,36,11,3
1066,99.36084930615297,288,48,11,3
1067,99.36776257049374,246,41,11,3
1068,99.42381969539328,168,28,11,3
1069,99.05881135432172,264,44,11,3
1070,99.03392829884372,300,50,11,3
1071,99.05811259025471,444,74,11,3
1072,99.39822389254459,246,41,11,3
1073,99.38453468912891,252,42,11,3
1074,99.4312527223819,354,59,11,3
1075,99.34738221803649,252,42,11,3
1076,99.4553258713697,258,43,11,3
1077,99.39170119013254,282,47,11,3
1078,99.38024338797575,384,64,11,3
1079,99.30524133441361,294,49,11,3
1080,99.49340394426237,462,77,12,3
1081,99.52794076328736,336,56,12,3
1082,99.37372214678538,450,75,12,3
1083,99.47080735504119,336,56,12,3
1084,99.35125221065738,474,79,12,3
1085,99.47439983559195,336,56,12,3
1086,99.50689366058695,366,61,12,3
1087,99.4694905581254,252,42,12,3
1088,99.40579255525157,408,68,12,3
1089,99.35261107122642,258,43,12,3
1090,99.44955826082048,258,43,12,3
1091,99.5006713366006,342,57,12,3
1092,99.5135536134081,192,32,12,3
1093,99.50516042668276,294,49,12,3
1094,99.29185972863687,492,82,12,3
1095,99.3945924811997,630,105,12,3
1096,99.53826006213424,294,49,12,3
1097,99.46195505685361,336,56,12,3
1098,99.3951507769785,408,68,12,3
1099,99.40455597706237,408,68,12,3
1100,99.28960732763332,372,62,13,3
1101,99.11178955286354,540,90,13,3
1102,99.07996493520699,432,72,13,3
1103,99.45292165670011,432,72,13,3
1104,99.34276203903987,252,42,13,3
1105,99.47144201360771,252,42,13,3
1106,99.46316519859032,180,30,13,3
1107,99.36201697868826,336,56,13,3
1108,99.45010459789819,396,66,13,3
1109,99.33642751300432,396,66,13,3
1110,99.40363576395231,486,81,13,3
1111,99.29919850227837,336,56,13,3
1112,99.51414790167475,180,30,13,3
1113,99.45739372107636,330,55,13,3
1114,99.46656591294507,366,61,13,3
1115,99.49256546095154,252,42,13,3
1116,99.11946239636573,270,45,13,3
1117,99.23876464065734,258,43,13,3
1118,99.35394228385495,252,42,13,3
1119,99.44469499988709,186,31,13,3
1120,99.56156010648743,780,130,0,4
1121,99.58632587720685,732,122,0,4
1122,99.66129852592493,606,101,0,4
1123,99.65773461420297,612,102,0,4
1124,99.62150149748824,654,109,0,4
1125,99.59380749284338,732,122,0,4
1126,99.5735654593435,768,128,0,4
1127,99.56450491086241,804,134,0,4
1128,99.64517642530838,612,102,0,4
1129,99.601942543666,738,123,0,4
1130,-0.48403557794635615,1002,167,0,4
1131,99.54651543403105,834,139,0,4
1132,99.61124764736168,672,112,0,4
1133,99.53931121009461,822,137,0,4
1134,99.62011594036015,720,120,0,4
1135,99.64348848187396,612,102,0,4
1136,99.58570248082845,732,122,0,4
1137,99.61060376466455,666,111,0,4
1138,-0.53039307944998,1002,167,0,4
1139,-0.48901889644594765,1002,167,0,4
1140,99.42616274320885,336,56,1,4
1141,99.50090464485918,294,49,1,4
1142,99.31527912653986,480,80,1,4
1143,99.59312510567388,294,49,1,4
1144,99.52010919671987,288,48,1,4
1145,99.54902450664515,294,49,1,4
1146,99.3469809552791,426,71,1,4
1147,99.61186093024155,252,42,1,4
1148,99.50581416131044,288,48,1,4
1149,99.470129511862,426,71,1,4
1150,99.51056726309045,288,48,1,4
1151,99.58197435169431,288,48,1,4
1152,99.3409932311998,414,69,1,4
1153,99.51903564553106,294,49,1,4
1154,99.39119550207914,372,62,1,4
1155,99.47813927104862,336,56,1,4
1156,99.49146097613594,366,61,1,4
1157,99.41086491129953,336,56,1,4
1158,99.3700396914554,420,70,1,4
1159,99.48424433816778,414,69,1,4
1160,99.25648605409101,288,48,2,4
1161,99.59696139421983,186,31,2,4
1162,99.29563221807508,300,50,2,4
1163,99.41645628758025,216,36,2,4
1164,99.48578339491269,216,36,2,4
1165,99.55390640765896,216,36,2,4
1166,99.30417473724471,294,49,2,4
1167,99.39661894607728,216,36,2,4
1168,99.36912478153941,210,35,2,4
1169,99.50331923054559,204,34,2,4
1170,99.60392000754418,228,38,2,4
1171,99.49058758815623,246,41,2,4
1172,99.40034785847755,306,51,2,4
1173,99.37185609052219,252,42,2,4
1174,99.28914056813569,318,53,2,4
1175,99.53514042286149,258,43,2,4
1176,99.53037668310029,252,42,2,4
1177,99.39115017876772,300,50,2,4
1178,99.59246574018401,174,29,2,4
1179,99.35651604674015,258,43,2,4
1180,99.44558195614574,270,45,3,4
1181,99.15441738353817,390,65,3,4
1182,99.35368263700767,264,44,3,4
1183,99.47155530141666,186,31,3,4
1184,99.32209945558954,264,44,3,4
1185,99.37110708174416,270,45,3,4
1186,99.17756917859276,402,67,3,4
1187,99.25245060598614,270,45,3,4
1188,99.19774390548723,348,58,3,4
1189,99.24335564490893,384,64,3,4
1190,99.31441392485438,264,44,3,4
1191,99.15822248256785,420,70,3,4
1192,99.44913596203882,264,44,3,4
1193,99.23137663702335,282,47,3,4
1194,99.33857691449566,258,43,3,4
1195,99.37921476450103,270,45,3,4
1196,99.38072209984713,360,60,3,4
1197,99.32679352453299,306,51,3,4
1198,99.34977964955884,276,46,3,4
1199,99.34308470237404,264,44,3,4
1200,98.94381447949993,462,77,4,4
1201,99.25876942548157,198,33,4,4
1202,99.11440756544081,276,46,4,4
1203,98.99245276911216,444,74,4,4
1204,99.10658082779608,360,60,4,4
1205,98.8622334657598,372,62,4,4
1206,98.90941029749204,402,67,4,4
1207,99.00622938226469,360,60,4,4
1208,98.92705354922865,372,62,4,4
1209,98.81094395702712,300,50,4,4
1210,98.97347101462826,528,88,4,4
1211,99.16585130373741,396,66,4,4
1212,99.02045212289666,360,60,4,4
1213,99.21978283114048,270,45,4,4
1214,98.93732055654638,282,47,4,4
1215,99.11768348986186,390,65,4,4
1216,98.95129481071662,372,62,4,4
1217,99.03127652150403,414,69,4,4
1218,98.98793720913339,288,48,4,4
1219,99.01712988259125,288,48,4,4
1220,99.3265646909555,258,43,5,4
1221,99.2079667315756,264,44,5,4
1222,99.56650853461535,186,31,5,4
1223,99.25061026984098,456,76,5,4
1224,99.44773088215598,258,43,5,4
1225,99.0827401155577,372,62,5,4
1226,99.31569738980582,258,43,5,4
1227,99.32385657208826,306,51,5,4
1228,99.34327725925752,264,44,5,4
1229,99.17212642323607,432,72,5,4
1230,99.36232032629508,186,31,5,4
1231,99.1909980356442,420,70,5,4
1232,99.24612280947657,264,44,5,4
1233,99.28413401074489,306,51,5,4
1234,99.46461352453306,222,37,5,4
1235,99.29801673431027,270,45,5,4
1236,99.38492780654578,312,52,5,4
1237,99.32289181215363,186,31,5,4
1238,99.44528780089952,186,31,5,4
1239,99.29858778223705,378,63,5,4
1240,99.27607386782192,174,29,6,4
1241,99.20531445579728,336,56,6,4
1242,99.23892247616219,360,60,6,4
1243,99.21910004155855,252,42,6,4
1244,99.25591330660299,288,48,6,4
1245,99.29657753350378,252,42,6,4
1246,99.32390436395782,180,30,6,4
1247,99.11473929094406,264,44,6,4
1248,99.50999953710148,264,44,6,4
1249,99.3255265187391,174,29,6,4
1250,99.1286028011567,264,44,6,4
1251,99.38240456226141,264,44,6,4
1252,99.33681274948229,174,29,6,4
1253,99.34244640980668,180,30,6,4
1254,99.2029055754854,264,44,6,4
1255,99.2181295650097,252,42,6,4
1256,99.16110208818247,258,43,6,4
1257,99.26814446736391,258,43,6,4
1258,99.18921192174906,300,50,6,4
1259,99.35273069889475,258,43,6,4
1260,99.2088021588175,186,31,7,4
1261,98.86761758426083,282,47,7,4
1262,99.20833877972271,246,41,7,4
1263,99.07762624759592,240,40,7,4
1264,98.98488160365402,270,45,7,4
1265,99.2345985963181,174,29,7,4
1266,99.07865814966995,264,44,7,4
1267,99.22210793424344,258,43,7,4
1268,99.22385941560093,216,36,7,4
1269,99.19475790481738,216,36,7,4
1270,99.15786904514859,258,43,7,4
1271,99.19361619293925,228,38,7,4
1272,99.11891195348619,174,29,7,4
1273,99.23140601506961,174,29,7,4
1274,99.17761736141982,186,31,7,4
1275,99.28452592396589,246,41,7,4
1276,99.22693651489726,174,29,7,4
1277,98.95428258592496,324,54,7,4
1278,99.19971952630748,168,28,7,4
1279,99.2005178648175,216,36,7,4
1280,99.08020464817092,210,35,8,4
1281,99.16284655004192,168,28,8,4
1282,99.12800020619116,174,29,8,4
1283,99.04410142164068,216,36,8,4
1284,99.29679477613743,198,33,8,4
1285,99.19669084270048,174,29,8,4
1286,99.42870490812855,180,30,8,4
1287,99.03797395613869,168,28,8,4
1288,99.19798334561834,180,30,8,4
1289,99.11763425927724,168,28,8,4
1290,99.18679034346688,198,33,8,4
1291,99.05212669804979,216,36,8,4
1292,99.1587969526254,174,29,8,4
1293,99.18941322390502,168,28,8,4
1294,99.09700382259786,210,35,8,4
1295,99.3998483868284,180,30,8,4
1296,99.227020641389,174,29,8,4
1297,99.15364876428994,162,27,8,4
1298,99.1567964707926,168,28,8,4
1299,99.07718313533249,168,28,8,4
1300,98.99982129783261,192,32,9,4
1301,99.06343443155743,234,39,9,4
1302,99.18651634438558,186,31,9,4
1303,98.93551348898843,174,29,9,4
1304,98.95536906231705,174,29,9,4
1305,99.0026159756559,174,29,9,4
1306,98.94829462503324,174,29,9,4
1307,99.14910776020393,210,35,9,4
1308,99.0011307107117,174,29,9,4
1309,99.10988649517738,204,34,9,4
1310,99.13240740329024,174,29,9,4
1311,99.01065580808637,168,28,9,4
1312,99.06404284237605,192,32,9,4
1313,99.2570298745793,198,33,9,4
1314,98.9751477431294,174,29,9,4
1315,98.9309705768787,174,29,9,4
1316,99.03011618250567,180,30,9,4
1317,98.94751526116234,180,30,9,4
1318,98.96777042333663,174,29,9,4
1319,99.08046080250783,174,29,9,4
1320,98.81866969764171,180,30,10,4
1321,98.6267453810539,186,31,10,4
1322,98.58593149953683,186,31,10,4
1323,98.58758340235899,186,31,10,4
1324,98.48466740492289,192,32,10,4
1325,98.64223323264467,198,33,10,4
1326,97.98498976253464,300,50,10,4
1327,98.62993453979287,192,32,10,4
1328,98.77380647185096,186,31,10,4
1329,98.49804807581089,186,31,10,4
1330,98.58255602854703,186,31,10,4
1331,98.66388832228017,198,33,10,4
1332,98.70101763904778,180,30,10,4
1333,98.75169104730756,186,31,10,4
1334,98.72234622042019,180,30,10,4
1335,98.48988117258533,192,32,10,4
1336,98.48598452904689,192,32,10,4
1337,98.57507856999662,186,31,10,4
1338,98.71411220318613,192,32,10,4
1339,98.59893391475984,186,31,10,4
1340,98.11937453171878,270,45,11,4
1341,98.50707003039942,186,31,11,4
1342,97.99088446568787,294,49,11,4
1343,98.55833510303364,198,33,11,4
1344,98.66229243531176,186,31,11,4
1345,98.61245330177866,186,31,11,4
1346,98.4581026710588,192,32,11,4
1347,98.63775482589622,186,31,11,4
1348,98.53074028274011,186,31,11,4
1349,98.46759532375081,186,31,11,4
1350,98.52332244395862,192,32,11,4
1351,98.48991222917228,192,32,11,4
1352,98.54592554021805,186,31,11,4
1353,98.54545721109358,186,31,11,4
1354,98.52851132998299,186,31,11,4
1355,99.14665421477682,114,19,11,4
1356,98.67513648074208,186,31,11,4
1357,98.70459172032207,180,30,11,4
1358,98.1255721760443,294,49,11,4
1359,98.66655547680804,186,31,11,4
1360,98.29054968334704,204,34,12,4
1361,98.40561981598654,192,32,12,4
1362,98.23468668410587,210,35,12,4
1363,98.23865501633674,210,35,12,4
1364,98.450622177572,186,31,12,4
1365,98.59825664612366,186,31,12,4
1366,98.419761459462,186,31,12,4
1367,98.61687880504151,180,30,12,4
1368,98.97742657751688,108,18,12,4
1369,99.12114904142287,114,19,12,4
1370,98.36575277571731,210,35,12,4
1371,98.48934642610138,186,31,12,4
1372,98.47618868883731,192,32,12,4
1373,98.6464188225041,186,31,12,4
1374,98.53768613158606,204,34,12,4
1375,98.52677571668352,192,32,12,4
1376,98.49456043887254,186,31,12,4
1377,98.34611154028316,192,32,12,4
1378,99.16035078079477,108,18,12,4
1379,98.3118429701392,204,34,12,4
1380,98.23726138968594,192,32,13,4
1381,98.38056414524853,192,32,13,4
1382,98.26912746079957,192,32,13,4
1383,98.33485139979277,198,33,13,4
1384,98.22674077136706,192,32,13,4
1385,98.41289749117844,192,32,13,4
1386,98.39007874823474,186,31,13,4
1387,97.59032427115952,312,52,13,4
1388,98.93292845970142,108,18,13,4
1389,99.01108448998235,108,18,13,4
1390,98.34637729616959,192,32,13,4
1391,98.30793751695764,192,32,13,4
1392,98.39136273595224,192,32,13,4
1393,98.16487351679456,204,34,13,4
1394,98.24237733565478,210,35,13,4
1395,98.35630038630248,192,32,13,4
1396,98.38038839089039,198,33,13,4
1397,98.36186618642473,192,32,13,4
1398,98.42505850506694,192,32,13,4
1399,98.26110284307978,192,32,13,4
1400,-0.03684565552350788,1002,167,0,5
1401,-0.037622704749898116,1002,167,0,5
1402,-0.03811116467018766,1002,167,0,5
1403,-0.03733549834453066,1002,167,0,5
1404,-0.03536272018394471,1002,167,0,5
1405,-0.03780194366676416,1002,167,0,5
1406,-0.03737675518506181,1002,167,0,5
1407,-0.03835489023605371,1002,167,0,5
1408,-0.03814918058681435,1002,167,0,5
1409,-0.03752545340965591,1002,167,0,5
1410,-0.03707390411299779,1002,167,0,5
1411,-0.037283810017822674,1002,167,0,5
1412,-0.03906963357215565,1002,167,0,5
1413,-0.038042155336421676,1002,167,0,5
1414,-0.03755834143405147,1002,167,0,5
1415,-0.03749023220269626,1002,167,0,5
1416,-0.03777694167158112,1002,167,0,5
1417,-0.03681496288910836,1002,167,0,5
1418,-0.03766792933720013,1002,167,0,5
1419,-0.038213556109713394,1002,167,0,5
1420,-0.0977023717755703,1002,167,1,5
1421,-0.3879451092957855,1002,167,1,5
1422,-0.013155698985615728,1002,167,1,5
1423,-0.023245394719153472,1002,167,1,5
1424,-0.12902095797811966,1002,167,1,5
1425,-0.4381578019797167,1002,167,1,5
1426,-0.34361689382418525,1002,167,1,5
1427,-0.25570712215006536,1002,167,1,5
1428,-0.22822828388997532,1002,167,1,5
1429,-0.11964532526628742,1002,167,1,5
1430,-0.06851525579488417,1002,167,1,5
1431,-0.3647767489953177,1002,167,1,5
1432,-0.3383942613855263,1002,167,1,5
1433,-0.03412372735396644,1002,167,1,5
1434,-0.00958883114067431,1002,167,1,5
1435,-0.15801924915070195,1002,167,1,5
1436,-0.4481847542080977,1002,167,1,5
1437,-0.4792550919652416,1002,167,1,5
1438,-0.021084195561836844,1002,167,1,5
1439,-0.018342263633876088,1002,167,1,5
1440,-0.9491730079249655,1002,167,2,5
1441,-1.3212558138290675,1002,167,2,5
1442,-1.189443655306703,1002,167,2,5
1443,-1.2216596005852312,1002,167,2,5
1444,-0.8949686733901512,1002,167,2,5
1445,-0.9217927812150155,1002,167,2,5
1446,-0.6818723682296325,1002,167,2,5
1447,-1.182673253613258,1002,167,2,5
1448,-1.4311159554559407,1002,167,2,5
1449,-1.014495734969512,1002,167,2,5
1450,-1.2880079101355904,1002,167,2,5
1451,-1.4185431837376594,1002,167,2,5
1452,-0.9656163959983518,1002,167,2,5
1453,-1.3083869674439017,1002,167,2,5
1454,-1.076183985929723,1002,167,2,5
1455,-1.323402440441339,1002,167,2,5
1456,-0.9016750405804077,1002,167,2,5
1457,-1.4972914931665566,1002,167,2,5
1458,-0.925609355532225,1002,167,2,5
1459,-1.0390641649758916,1002,167,2,5
1460,-3.484231800130344,1002,167,3,5
1461,-3.162551948797953,1002,167,3,5
1462,-3.4488528265492002,1002,167,3,5
1463,-2.9609088427176955,1002,167,3,5
1464,-2.8453618415428013,1002,167,3,5
1465,-3.515649247592677,1002,167,3,5
1466,-3.123495077708002,1002,167,3,5
1467,-3.432246288761806,1002,167,3,5
1468,-3.2640537187484453,1002,167,3,5
1469,-3.3750622849111567,1002,167,3,5
1470,-2.7692793358068957,1002,167,3,5
1471,-3.4035373288120425,1002,167,3,5
1472,-3.276491990729176,1002,167,3,5
1473,-3.137274164339329,1002,167,3,5
1474,-3.4275074865927397,1002,167,3,5
1475,-3.463251472215488,1002,167,3,5
1476,-3.0988853879230365,1002,167,3,5
1477,-2.8500629975144975,1002,167,3,5
1478,-3.474210999641531,1002,167,3,5
1479,-3.246334270347479,1002,167,3,5
1480,-2.012203590175109,1002,167,4,5
1481,-2.07139361214697,1002,167,4,5
1482,-1.6794939450319726,1002,167,4,5
1483,-2.2191244540462236,1002,167,4,5
1484,-1.577288787381572,1002,167,4,5
1485,-2.372710198413328,1002,167,4,5
1486,-2.4558148474394357,1002,167,4,5
1487,-2.1518475996585478,1002,167,4,5
1488,-1.9954013583984334,1002,167,4,5
1489,-2.04633410961608,1002,167,4,5
1490,-1.3356319895910493,1002,167,4,5
1491,-2.185736626973098,1002,167,4,5
1492,-2.0057630764843077,1002,167,4,5
1493,-1.9714147428793476,1002,167,4,5
1494,-1.7114229269947607,1002,167,4,5
1495,-0.9564419942882527,1002,167,4,5
1496,-1.8015966979492974,1002,167,4,5
1497,-2.2373934858350863,1002,167,4,5
1498,-2.3869304468280785,1002,167,4,5
1499,-1.891013293318867,1002,167,4,5
1500,-2.09773217680831,1002,167,5,5
1501,99.16175697666726,576,96,5,5
1502,99.09840983823716,528,88,5,5
1503,98.27117260278342,918,153,5,5
1504,99.18232099829076,684,114,5,5
1505,99.69989482962129,372,62,5,5
1506,98.44273474429284,834,139,5,5
1507,-2.1730560890406574,1002,167,5,5
1508,-1.7857475802260248,1002,167,5,5
1509,99.3148261780846,438,73,5,5
1510,99.5436229353731,456,76,5,5
1511,98.94930727133608,552,92,5,5
1512,-1.953732214546398,1002,167,5,5
1513,-1.8085747157823167,1002,167,5,5
1514,-2.2521668360684735,1002,167,5,5
1515,99.54941518587613,342,57,5,5
1516,99.14514000934382,462,77,5,5
1517,99.69450297820406,330,55,5,5
1518,98.37931031824439,828,138,5,5
1519,-1.3905091363947228,1002,167,5,5
1520,-1.959844060810854,1002,167,6,5
1521,-2.0930854726192045,1002,167,6,5
1522,-2.0595828807812255,1002,167,6,5
1523,-1.7653832247292602,1002,167,6,5
1524,-2.0236806314721436,1002,167,6,5
1525,-1.9544322736181958,1002,167,6,5
1526,-2.095446571086985,1002,167,6,5
1527,-2.098518521750067,1002,167,6,5
1528,-2.032260071276654,1002,167,6,5
1529,-2.035793331679002,1002,167,6,5
1530,-2.0261527295231696,1002,167,6,5
1531,-1.9933709558408077,1002,167,6,5
1532,-1.962488776736073,1002,167,6,5
1533,-1.9975287388750178,1002,167,6,5
1534,-1.807866521830511,1002,167,6,5
1535,-2.1359055102494366,1002,167,6,5
1536,-1.5698812423868616,1002,167,6,5
1537,-2.0792901599090325,1002,167,6,5
1538,-2.086977807193322,1002,167,6,5
1539,-1.99261000954073,1002,167,6,5
1540,99.69252751275783,318,53,7,5
1541,99.78045282836413,324,54,7,5
1542,99.69647797222481,396,66,7,5
1543,99.71254779553826,360,60,7,5
1544,99.65116474951101,438,73,7,5
1545,99.68188824898971,444,74,7,5
1546,99.6283919361783,372,62,7,5
1547,99.57111645816968,456,76,7,5
1548,99.76024938876286,438,73,7,5
1549,99.67530210588723,486,81,7,5
1550,99.77286939877358,324,54,7,5
1551,99.71405581523689,582,97,7,5
1552,99.76293400892726,360,60,7,5
1553,99.69759257068267,402,67,7,5
1554,99.7349875138893,354,59,7,5
1555,99.7772895276873,360,60,7,5
1556,99.60477552187464,456,76,7,5
1557,99.6205855718471,414,69,7,5
1558,99.67808581720634,324,54,7,5
1559,99.61814894057042,522,87,7,5
1560,99.75985675660742,354,59,8,5
1561,99.57660337927311,366,61,8,5
1562,99.72081900799597,474,79,8,5
1563,99.66388077289312,318,53,8,5
1564,99.64002386614753,522,87,8,5
1565,99.68165165531498,282,47,8,5
1566,99.63008525346788,324,54,8,5
1567,99.57197112302728,522,87,8,5
1568,99.5340227299096,516,86,8,5
1569,99.73473781841321,288,48,8,5
1570,99.57414532736506,438,73,8,5
1571,99.65958367971425,390,65,8,5
1572,99.64886479546539,318,53,8,5
1573,99.67805548879774,396,66,8,5
1574,99.62119607490956,324,54,8,5
1575,99.6593194665806,504,84,8,5
1576,99.6168529798913,408,68,8,5
1577,99.60258451567448,474,79,8,5
1578,99.70534077318497,408,68,8,5
1579,99.69502518968535,402,67,8,5
1580,99.68306346507838,246,41,9,5
1581,99.66985306035906,246,41,9,5
1582,99.6598462939992,408,68,9,5
1583,99.64442893733882,408,68,9,5
1584,99.68320817994461,324,54,9,5
1585,99.62940513478816,366,61,9,5
1586,99.73625327506622,246,41,9,5
1587,99.72390019542671,432,72,9,5
1588,99.60027166570625,324,54,9,5
1589,99.62880194465141,402,67,9,5
1590,99.69974209673036,288,48,9,5
1591,99.75100644411047,252,42,9,5
1592,99.62510241761612,528,88,9,5
1593,99.73580818552773,252,42,9,5
1594,99.70937518088084,342,57,9,5
1595,99.7494476903381,258,43,9,5
1596,99.50312688105947,342,57,9,5
1597,99.6640782250791,324,54,9,5
1598,99.62705463162429,372,62,9,5
1599,99.73879803500252,246,41,9,5
1600,99.47791036450894,480,80,10,5
1601,99.51407249619709,246,41,10,5
1602,99.56307185738318,246,41,10,5
1603,99.67667467082026,288,48,10,5
1604,99.60727199659581,240,40,10,5
1605,99.62512745306361,282,47,10,5
1606,99.34777248246189,306,51,10,5
1607,99.56624241971782,246,41,10,5
1608,99.71653990258766,288,48,10,5
1609,99.64018913549329,360,60,10,5
1610,99.44771733351995,294,49,10,5
1611,99.45481181436558,336,56,10,5
1612,99.61785026616491,240,40,10,5
1613,99.6805782116706,354,59,10,5
1614,99.63123371029877,294,49,10,5
1615,99.45498544510473,366,61,10,5
1616,99.64485685062458,240,40,10,5
1617,99.39942994512766,384,64,10,5
1618,99.41320090138943,336,56,10,5
1619,99.65509830106896,312,52,10,5
1620,99.66339211762026,240,40,11,5
1621,99.50261699451787,288,48,11,5
1622,99.3939367508955,300,50,11,5
1623,99.43694800465236,360,60,11,5
1624,99.69398518905733,294,49,11,5
1625,99.39513642534473,348,58,11,5
1626,99.49508442730436,366,61,11,5
1627,99.47474323121982,408,68,11,5
1628,99.50894780560114,354,59,11,5
1629,99.60450458515771,240,40,11,5
1630,99.54572395536114,330,55,11,5
1631,99.38470645244936,336,56,11,5
1632,99.53294928945783,246,41,11,5
1633,99.64763788512451,282,47,11,5
1634,99.61457286424543,318,53,11,5
1635,99.58946020896157,360,60,11,5
1636,99.56995806347516,282,47,11,5
1637,99.69561553560074,246,41,11,5
1638,99.50252451587288,396,66,11,5
1639,99.54373716902074,318,53,11,5
1640,99.53912019520547,240,40,12,5
1641,99.53203948241618,240,40,12,5
1642,99.62754748838286,210,35,12,5
1643,99.31766297831119,252,42,12,5
1644,99.55779749467665,276,46,12,5
1645,99.47902739816222,282,47,12,5
1646,99.66976104767363,246,41,12,5
1647,99.70703800194516,210,35,12,5
1648,99.43136755011992,240,40,12,5
1649,99.61174439744836,246,41,12,5
1650,99.51931486438743,246,41,12,5
1651,99.55108643043963,240,40,12,5
1652,99.45163196133693,282,47,12,5
1653,99.48806064168508,240,40,12,5
1654,99.69793723197157,252,42,12,5
1655,99.67657579338436,306,51,12,5
1656,99.46816065779038,246,41,12,5
1657,99.61778655523227,246,41,12,5
1658,99.5962947236828,282,47,12,5
1659,99.71422068964702,174,29,12,5
1660,99.37830229690255,258,43,13,5
1661,99.50146571103151,252,42,13,5
1662,99.43809092271346,354,59,13,5
1663,99.30824424479574,276,46,13,5
1664,99.534046637405,258,43,13,5
1665,99.38703148557957,258,43,13,5
1666,99.46290744347985,252,42,13,5
1667,99.44046759855621,252,42,13,5
1668,99.57913308131174,306,51,13,5
1669,99.4681061538232,252,42,13,5
1670,99.45467771221439,252,42,13,5
1671,99.54042786159127,252,42,13,5
1672,99.37992791766949,438,73,13,5
1673,99.38778035645537,336,56,13,5
1674,99.26814583004729,438,73,13,5
1675,99.4185979519239,468,78,13,5
1676,99.6386550380845,186,31,13,5
1677,99.52267917190254,258,43,13,5
1678,99.48545619253451,342,57,13,5
1679,99.65669972050229,180,30,13,5
1680,-0.02110282744325303,1002,167,0,6
1681,-0.021089195783599662,1002,167,0,6
1682,-0.021367746475853162,1002,167,0,6
1683,-0.021385875756439566,1002,167,0,6
1684,-0.020962073957230504,1002,167,0,6
1685,-0.020985474123479515,1002,167,0,6
1686,-0.021140054478443783,1002,167,0,6
1687,-0.021169871085446504,1002,167,0,6
1688,-0.019944496877086743,1002,167,0,6
1689,-0.021411639737956033,1002,167,0,6
1690,-0.02093156833418678,1002,167,0,6
1691,-0.0202840635407677,1002,167,0,6
1692,-0.020312872009366434,1002,167,0,6
1693,-0.020598790632365423,1002,167,0,6
1694,-0.02095171525956819,1002,167,0,6
1695,-0.021028088117219627,1002,167,0,6
1696,-0.021247507382572584,1002,167,0,6
1697,-0.020680136270413152,1002,167,0,6
1698,-0.020836192504075958,1002,167,0,6
1699,-0.021162721479954072,1002,167,0,6
1700,-0.00489724923642007,1002,167,1,6
1701,-0.005050545741225997,1002,167,1,6
1702,-0.0053661626265704065,1002,167,1,6
1703,-0.005139708009258671,1002,167,1,6
1704,-0.004725281264591914,1002,167,1,6
1705,-0.005076527105251484,1002,167,1,6
1706,-0.004831154505183942,1002,167,1,6
1707,-0.005030016982943647,1002,167,1,6
1708,-0.005039147616856136,1002,167,1,6
1709,-0.004890581550877824,1002,167,1,6
1710,-0.005171489498209178,1002,167,1,6
1711,-0.0053423590982270095,1002,167,1,6
1712,-0.004523041907459977,1002,167,1,6
1713,-0.00487998173933727,1002,167,1,6
1714,-0.005383307931729478,1002,167,1,6
1715,-0.005021247943898726,1002,167,1,6
1716,-0.0049474599057421804,1002,167,1,6
1717,-0.0047741893372353315,1002,167,1,6
1718,-0.005170580145183201,1002,167,1,6
1719,-0.005187796386146942,1002,167,1,6
1720,-0.17388303014208403,1002,167,2,6
1721,-0.2968960160333913,1002,167,2,6
1722,-0.23375060804731362,1002,167,2,6
1723,-0.1662237129348364,1002,167,2,6
1724,-0.33045972194717876,1002,167,2,6
1725,-0.21401596526285588,1002,167,2,6
1726,-0.10258877793069604,1002,167,2,6
1727,-0.13940324881354865,1002,167,2,6
1728,-0.09038413603696435,1002,167,2,6
1729,-0.12242079949986556,1002,167,2,6
1730,-0.1076496415675444,1002,167,2,6
1731,-0.1350960771274341,1002,167,2,6
1732,-0.11204794795070086,1002,167,2,6
1733,-0.08076628473579643,1002,167,2,6
1734,-0.18364780299072786,1002,167,2,6
1735,-0.09528065269104466,1002,167,2,6
1736,-0.24592489796314232,1002,167,2,6
1737,-0.15068215488844927,1002,167,2,6
1738,-0.24896113084436647,1002,167,2,6
1739,-0.08847922821743441,1002,167,2,6
1740,-0.7167713532717597,1002,167,3,6
1741,-1.2313627365351527,1002,167,3,6
1742,-1.6556835618604184,1002,167,3,6
1743,-1.370231371631485,1002,167,3,6
1744,-1.5104434472971073,1002,167,3,6
1745,-0.27746904302018693,1002,167,3,6
1746,-1.29016512388227,1002,167,3,6
1747,-0.8229642169906031,1002,167,3,6
1748,-1.6772322153959562,1002,167,3,6
1749,-1.6672644507259058,1002,167,3,6
1750,-0.925189953830081,1002,167,3,6
1751,-1.4139670783486191,1002,167,3,6
1752,-1.0801430509850392,1002,167,3,6
1753,-1.2251212503096751,1002,167,3,6
1754,-1.5356643429495613,1002,167,3,6
1755,-1.2285653659254665,1002,167,3,6
1756,-1.646801286988602,1002,167,3,6
1757,-1.073110658213973,1002,167,3,6
1758,-1.1512847225583107,1002,167,3,6
1759,-1.1396495434643152,1002,167,3,6
1760,-2.3087435041549442,1002,167,4,6
1761,-2.0589149057152225,1002,167,4,6
1762,-1.8963987075591981,1002,167,4,6
1763,-2.2617502290690967,1002,167,4,6
1764,-2.0780275607730743,1002,167,4,6
1765,-2.0647795616012043,1002,167,4,6
1766,-1.7194361442233534,1002,167,4,6
1767,-1.3749959411461352,1002,167,4,6
1768,-1.553233774147885,1002,167,4,6
1769,-2.219863010867991,1002,167,4,6
1770,-2.2214243586838496,1002,167,4,6
1771,-1.4465478646011505,1002,167,4,6
1772,-2.4952066574228313,1002,167,4,6
1773,-1.0797640195133718,1002,167,4,6
1774,-2.499446332499054,1002,167,4,6
1775,-1.352063997604878,1002,167,4,6
1776,-2.1024040901365737,1002,167,4,6
1777,-1.5823611113797478,1002,167,4,6
1778,-2.2063304430920407,1002,167,4,6
1779,-1.7833123770366757,1002,167,4,6
1780,-1.719733530549334,1002,167,5,6
1781,-1.0225909009933727,1002,167,5,6
1782,-1.4606701271168359,1002,167,5,6
1783,-1.7210515640477015,1002,167,5,6
1784,-1.5182962517871341,1002,167,5,6
1785,-2.020998964764523,1002,167,5,6
1786,-1.4128240625968493,1002,167,5,6
1787,-1.2949209200183185,1002,167,5,6
1788,-1.824483208884995,1002,167,5,6
1789,-1.1670308545345054,1002,167,5,6
1790,-1.7674555684177136,1002,167,5,6
1791,-1.5804250986588448,1002,167,5,6
1792,-1.7322515000364138,1002,167,5,6
1793,-1.770154975851434,1002,167,5,6
1794,-1.7518486099916384,1002,167,5,6
1795,-1.5134692032317083,1002,167,5,6
1796,-1.8788603097982526,1002,167,5,6
1797,-1.0959122763906832,1002,167,5,6
1798,-1.6729603899441692,1002,167,5,6
1799,-1.6763447584486186,1002,167,5,6
1800,-0.5316591480536474,1002,167,6,6
1801,-0.1875817981101323,1002,167,6,6
1802,-0.18114623128821375,1002,167,6,6
1803,-0.7620287067150882,1002,167,6,6
1804,-0.775499816706418,1002,167,6,6
1805,-0.222494558830576,1002,167,6,6
1806,-0.23244071836522703,1002,167,6,6
1807,-0.10054964527715844,1002,167,6,6
1808,-0.43512258073410626,1002,167,6,6
1809,-0.7927025099995986,1002,167,6,6
1810,-0.18853277200513618,1002,167,6,6
1811,-0.3183465609476134,1002,167,6,6
1812,-0.1314999964372281,1002,167,6,6
1813,-0.2306709922756368,1002,167,6,6
1814,-0.8985093965992399,1002,167,6,6
1815,-0.5654170961036366,1002,167,6,6
1816,-0.7705320932520414,1002,167,6,6
1817,-0.8014404752966287,1002,167,6,6
1818,-0.5682040311016002,1002,167,6,6
1819,-0.40095362943795354,1002,167,6,6
1820,-0.12957992688474373,1002,167,7,6
1821,-0.12560817748215722,1002,167,7,6
1822,-0.29247556809994746,1002,167,7,6
1823,-0.20564035551481508,1002,167,7,6
1824,-0.2805365304434647,1002,167,7,6
1825,-0.13610860652886958,1002,167,7,6
1826,-0.154012414320133,1002,167,7,6
1827,-0.14103405622317186,1002,167,7,6
1828,-0.20756136829396904,1002,167,7,6
1829,-0.12780486210699438,1002,167,7,6
1830,-0.19172335995069828,1002,167,7,6
1831,-0.29045702877496204,1002,167,7,6
1832,-0.29571276308568223,1002,167,7,6
1833,-0.11794671984206137,1002,167,7,6
1834,-0.2876861591430381,1002,167,7,6
1835,-0.13738123209283798,1002,167,7,6
1836,-0.3290710930813411,1002,167,7,6
1837,-0.17275647925885,1002,167,7,6
1838,-0.1895643683729169,1002,167,7,6
1839,-0.1421631682858734,1002,167,7,6
1840,-0.1777143650043747,1002,167,8,6
1841,-0.31738934200616364,1002,167,8,6
1842,-0.30166596920390865,1002,167,8,6
1843,-0.7117546377648634,1002,167,8,6
1844,-0.10315519981253796,1002,167,8,6
1845,-0.08866527168212285,1002,167,8,6
1846,-0.4799372595115714,1002,167,8,6
1847,-0.25256937041860267,1002,167,8,6
1848,-0.1384083455831768,1002,167,8,6
1849,-0.3969021641509107,1002,167,8,6
1850,-0.2766773604639886,1002,167,8,6
1851,-0.2841981230560675,1002,167,8,6
1852,-0.34121821147761305,1002,167,8,6
1853,-0.12338081448934854,1002,167,8,6
1854,-0.17977338115522168,1002,167,8,6
1855,-0.5790447134804444,1002,167,8,6
1856,-0.4579602791756057,1002,167,8,6
1857,-0.45203166517239646,1002,167,8,6
1858,-0.3544415573862923,1002,167,8,6
1859,-0.08690495253869646,1002,167,8,6
1860,-0.09470263706719696,1002,167,9,6
1861,-0.26651690536062184,1002,167,9,6
1862,-0.1564773345859052,1002,167,9,6
1863,-0.3595298823222161,1002,167,9,6
1864,-0.31771125426649305,1002,167,9,6
1865,-0.40015997476110976,1002,167,9,6
1866,-0.024166013240726217,1002,167,9,6
1867,-0.207489830668267,1002,167,9,6
1868,-0.04483616514410346,1002,167,9,6
1869,-0.13713501631742075,1002,167,9,6
1870,-0.03212270770157105,1002,167,9,6
1871,-0.3275639428786345,1002,167,9,6
1872,-0.40969702995658247,1002,167,9,6
1873,-0.23014097432036787,1002,167,9,6
1874,-0.5773667292272506,1002,167,9,6
1875,-0.10259149548683036,1002,167,9,6
1876,-0.06430406905999886,1002,167,9,6
1877,-0.04604662422252116,1002,167,9,6
1878,-0.18994985049840593,1002,167,9,6
1879,-0.436332019886587,1002,167,9,6
1880,-0.07180724062065108,1002,167,10,6
1881,-0.05057649336824561,1002,167,10,6
1882,-0.09457092387061515,1002,167,10,6
1883,-0.0567577507104397,1002,167,10,6
1884,-0.10951941312029327,1002,167,10,6
1885,-0.1223873865333858,1002,167,10,6
1886,-0.12853860243454152,1002,167,10,6
1887,-0.08002215806495781,1002,167,10,6
1888,-0.0974044143319026,1002,167,10,6
1889,-0.055902790128635915,1002,167,10,6
1890,-0.10702011629963587,1002,167,10,6
1891,-0.12850330711777985,1002,167,10,6
1892,-0.03722445269158716,1002,167,10,6
1893,-0.0928778842128204,1002,167,10,6
1894,-0.035394922409476365,1002,167,10,6
1895,-0.11797203613086185,1002,167,10,6
1896,-0.040814589457859984,1002,167,10,6
1897,-0.037777727397601976,1002,167,10,6
1898,-0.09196688850062074,1002,167,10,6
1899,-0.11933064587331624,1002,167,10,6
1900,-0.1431777378197761,1002,167,11,6
1901,-0.1846198341851818,1002,167,11,6
1902,-0.17390931506585083,1002,167,11,6
1903,-0.16734656283429672,1002,167,11,6
1904,-0.15987809871752168,1002,167,11,6
1905,-0.3030229167826451,1002,167,11,6
1906,-0.16326419268473968,1002,167,11,6
1907,-0.2575637362102522,1002,167,11,6
1908,-0.22752621890225666,1002,167,11,6
1909,-0.1651173094557813,1002,167,11,6
1910,-0.16805929228806316,1002,167,11,6
1911,-0.15215549059314964,1002,167,11,6
1912,-0.15947689370394755,1002,167,11,6
1913,-0.3682590078555712,1002,167,11,6
1914,-0.41791331732535486,1002,167,11,6
1915,-0.1457971902851608,1002,167,11,6
1916,-0.20546269279197615,1002,167,11,6
1917,-0.15334508120112134,1002,167,11,6
1918,-0.32095416661053533,1002,167,11,6
1919,-0.352918385011001,1002,167,11,6
1920,99.37656570400037,888,148,12,6
1921,-0.1152158923481627,1002,167,12,6
1922,-0.1707318226336011,1002,167,12,6
1923,-0.12652693044168137,1002,167,12,6
1924,99.28452789600207,870,145,12,6
1925,-0.16840066786110847,1002,167,12,6
1926,99.37429153152284,972,162,12,6
1927,-0.1259979577947199,1002,167,12,6
1928,99.29777721150157,828,138,12,6
1929,-0.1705292055798595,1002,167,12,6
1930,-0.4772986544521035,1002,167,12,6
1931,-0.11622432083414247,1002,167,12,6
1932,-0.16282574405233705,1002,167,12,6
1933,-0.20583498953535115,1002,167,12,6
1934,-0.14761633067755864,1002,167,12,6
1935,-0.3032527738594486,1002,167,12,6
1936,-0.14137944743802847,1002,167,12,6
1937,-0.15213599720213916,1002,167,12,6
1938,-0.48702285589785954,1002,167,12,6
1939,-0.2012223690818698,1002,167,12,6
1940,-0.1835625485173585,1002,167,13,6
1941,99.18202276959312,972,162,13,6
1942,99.34697099348433,708,118,13,6
1943,-0.25863075682552794,1002,167,13,6
1944,99.40315802356248,714,119,13,6
1945,99.2998070675692,708,118,13,6
1946,99.23609764567072,876,146,13,6
1947,99.41818041409314,774,129,13,6
1948,99.30295657885901,792,132,13,6
1949,-0.23977409792828105,1002,167,13,6
1950,99.2658904276158,834,139,13,6
1951,99.17636684511454,774,129,13,6
1952,99.25991152888763,912,152,13,6
1953,99.41974821390082,924,154,13,6
1954,99.36199898147079,744,124,13,6
1955,-0.1417304043519541,1002,167,13,6
1956,-0.19829291527319548,1002,167,13,6
1957,99.39028455996909,696,116,13,6
1958,-0.3750308282767279,1002,167,13,6
1959,-0.6863985806541856,1002,167,13,6
1960,-0.0004969938109480139,1002,167,0,7
1961,-0.00038752690442742506,1002,167,0,7
1962,-0.00015948569430224505,1002,167,0,7
1963,-0.0006740912644552108,1002,167,0,7
1964,-0.00029790397311909244,1002,167,0,7
1965,-0.00013698356694442435,1002,167,0,7
1966,-0.00013139726734422838,1002,167,0,7
1967,-0.00048516739928518987,1002,167,0,7
1968,-0.00014983963926155458,1002,167,0,7
1969,-0.00015862785241660973,1002,167,0,7
1970,-0.0006477287457184126,1002,167,0,7
1971,-0.0005527385024272904,1002,167,0,7
1972,-0.0001526886892907959,1002,167,0,7
1973,-0.00015062696611286243,1002,167,0,7
1974,-0.00015261881763095435,1002,167,0,7
1975,-0.0004409887021862817,1002,167,0,7
1976,-0.0004410030278533389,1002,167,0,7
1977,-0.000287882040615812,1002,167,0,7
1978,-0.000365810879545588,1002,167,0,7
1979,-0.0002979432928465975,1002,167,0,7
1980,-1.2098973095973125,1002,167,1,7
1981,-1.5116258705296854,1002,167,1,7
1982,-1.2046473013364363,1002,167,1,7
1983,-0.9887011198360611,1002,167,1,7
1984,-1.1861357615648287,1002,167,1,7
1985,-1.3969502212973761,1002,167,1,7
1986,-1.402076081015648,1002,167,1,7
1987,-1.2420443609419718,1002,167,1,7
1988,-0.8798665846202867,1002,167,1,7
1989,-1.154135303751133,1002,167,1,7
1990,-1.5156074143255802,1002,167,1,7
1991,-1.4545792330193215,1002,167,1,7
1992,-1.587025467503182,1002,167,1,7
1993,-1.0332034567816364,1002,167,1,7
1994,-1.335221129227086,1002,167,1,7
1995,-1.6003752676159084,1002,167,1,7
1996,-0.9125293701578021,1002,167,1,7
1997,-0.4584257061007544,1002,167,1,7
1998,-1.1362839808409728,1002,167,1,7
1999,-0.6642974469176365,1002,167,1,7
2000,99.46728006690024,684,114,2,7
2001,99.44654307771276,606,101,2,7
2002,99.4689662559578,978,163,2,7
2003,99.52025081435771,522,87,2,7
2004,99.57403775735115,516,86,2,7
2005,99.32491952437032,780,130,2,7
2006,99.39002202594764,696,116,2,7
2007,99.37353267218226,702,117,2,7
2008,99.54096881003872,594,99,2,7
2009,99.58167949257131,516,86,2,7
2010,-0.30940604668085403,1002,167,2,7
2011,99.57566729488394,516,86,2,7
2012,99.48475702631735,756,126,2,7
2013,99.5240355013133,900,150,2,7
2014,99.39213303290636,624,104,2,7
2015,99.46508277777123,864,144,2,7
2016,99.50365216376532,714,119,2,7
2017,99.47408840083045,678,113,2,7
2018,-0.5121520280798847,1002,167,2,7
2019,99.57028408798585,738,123,2,7
2020,99.38733290284387,564,94,3,7
2021,99.20675336687385,648,108,3,7
2022,99.108652950806,834,139,3,7
2023,99.35545659406186,366,61,3,7
2024,99.33228130304882,366,61,3,7
2025,99.37245775594326,768,128,3,7
2026,99.27562199571449,690,115,3,7
2027,99.10342211594805,654,109,3,7
2028,99.28873496239152,678,113,3,7
2029,99.35752756588678,570,95,3,7
2030,99.38128676002219,828,138,3,7
2031,99.28722356065055,528,88,3,7
2032,98.94644984360836,654,109,3,7
2033,99.32983665791166,540,90,3,7
2034,99.1048322563539,786,131,3,7
2035,99.1565270834229,846,141,3,7
2036,99.23173437705867,612,102,3,7
2037,99.36555347038158,684,114,3,7
2038,99.3700185241758,642,107,3,7
2039,99.24675150349493,852,142,3,7
2040,-2.4917532084297807,1002,167,4,7
2041,-3.3080317790142555,1002,167,4,7
2042,-2.204332597499907,1002,167,4,7
2043,-2.0021088323500713,1002,167,4,7
2044,-2.500653510252521,1002,167,4,7
2045,-2.579725017247089,1002,167,4,7
2046,-2.938919875895553,1002,167,4,7
2047,-3.309452075153479,1002,167,4,7
2048,-3.266118482854416,1002,167,4,7
2049,-3.260345278042616,1002,167,4,7
2050,-3.2790423010073524,1002,167,4,7
2051,-3.452098615507749,1002,167,4,7
2052,-3.036890000148846,1002,167,4,7
2053,-2.7795891865238413,1002,167,4,7
2054,-2.4799203638703324,1002,167,4,7
2055,-3.263939312729357,1002,167,4,7
2056,-3.1964635087338236,1002,167,4,7
2057,-2.987304222649242,1002,167,4,7
2058,-1.4747172456398658,1002,167,4,7
2059,-2.505451349787383,1002,167,4,7
2060,99.28769611339543,786,131,5,7
2061,99.54087251611162,816,136,5,7
2062,99.51917114593249,636,106,5,7
2063,99.56886223742514,660,110,5,7
2064,99.45258348889182,612,102,5,7
2065,99.54396399819636,630,105,5,7
2066,99.46814229332442,714,119,5,7
2067,99.59593826919945,588,98,5,7
2068,99.57788896561193,516,86,5,7
2069,99.29012737269072,828,138,5,7
2070,99.55419267694288,738,123,5,7
2071,-0.46406230957792693,1002,167,5,7
2072,99.60384997391961,588,98,5,7
2073,99.55784948431854,630,105,5,7
2074,99.55019083411287,672,112,5,7
2075,99.37124645386865,666,111,5,7
2076,99.52553330245544,744,124,5,7
2077,-0.3709562153276996,1002,167,5,7
2078,99.3858157479033,768,128,5,7
2079,-0.3408296412595697,1002,167,5,7
2080,-0.4827404659272879,1002,167,6,7
2081,99.50089189352266,744,124,6,7
2082,99.58608792213114,600,100,6,7
2083,-0.5967515981167473,1002,167,6,7
2084,99.43313471731712,864,144,6,7
2085,99.550438574465,726,121,6,7
2086,-0.4894605357826727,1002,167,6,7
2087,99.48013741749567,756,126,6,7
2088,99.56372491353184,612,102,6,7
2089,-0.4870471159436977,1002,167,6,7
2090,99.45625303842662,906,151,6,7
2091,99.56754841584971,630,105,6,7
2092,99.49916204543533,876,146,6,7
2093,99.53405556687913,618,103,6,7
2094,99.51403569622711,720,120,6,7
2095,-0.4652397135081399,1002,167,6,7
2096,99.54172983836918,762,127,6,7
2097,-0.6294934208572067,1002,167,6,7
2098,99.52944613936015,672,112,6,7
2099,-0.5423821544610701,1002,167,6,7
2100,99.49271693035134,360,60,7,7
2101,99.40192119355962,444,74,7,7
2102,99.52606293419183,396,66,7,7
2103,99.54258111235669,396,66,7,7
2104,99.2743053832913,606,101,7,7
2105,99.25427684451034,642,107,7,7
2106,99.24055718668572,618,103,7,7
2107,99.25166429201785,672,112,7,7
2108,99.45263657987864,372,62,7,7
2109,99.5348881888834,360,60,7,7
2110,99.48880133685431,462,77,7,7
2111,99.50789967010044,426,71,7,7
2112,99.27587107231693,618,103,7,7
2113,99.26243712361533,636,106,7,7
2114,99.01342443693572,864,144,7,7
2115,99.46280770248134,360,60,7,7
2116,99.5723409037525,354,59,7,7
2117,99.49658409422011,426,71,7,7
2118,99.58887729559441,354,59,7,7
2119,99.39878236163266,468,78,7,7
2120,99.51948057188305,690,115,8,7
2121,99.7593408829246,252,42,8,7
2122,99.57631061681218,438,73,8,7
2123,99.61635146871606,468,78,8,7
2124,99.57963580791841,558,93,8,7
2125,99.57362851470742,486,81,8,7
2126,99.6700088800465,402,67,8,7
2127,99.60114616069752,366,61,8,7
2128,99.5998778758489,462,77,8,7
2129,99.64791051300256,360,60,8,7
2130,99.73147142178102,324,54,8,7
2131,99.55019895942512,360,60,8,7
2132,99.6796328900115,360,60,8,7
2133,99.59174153907584,510,85,8,7
2134,99.63061395284959,366,61,8,7
2135,99.65713314416907,432,72,8,7
2136,99.65106121386174,402,67,8,7
2137,99.6606748870675,282,47,8,7
2138,99.61984781900645,438,73,8,7
2139,99.68451172303418,288,48,8,7
2140,-1.2356193603062078,1002,167,9,7
2141,-1.2312330320764868,1002,167,9,7
2142,-1.4631305828177175,1002,167,9,7
2143,-1.3285166166593423,1002,167,9,7
2144,-1.2520943733065055,1002,167,9,7
2145,-1.267955821613633,1002,167,9,7
2146,-1.0669533536591433,1002,167,9,7
2147,-1.1972935238219689,1002,167,9,7
2148,-1.4419560699706884,1002,167,9,7
2149,-1.377933474723144,1002,167,9,7
2150,-1.1826417002873428,1002,167,9,7
2151,-1.4575522306494042,1002,167,9,7
2152,-1.2376323554322504,1002,167,9,7
2153,-1.4604721273263086,1002,167,9,7
2154,-1.4432143687733723,1002,167,9,7
2155,-1.2301193381291045,1002,167,9,7
2156,-1.3234589093985045,1002,167,9,7
2157,-1.482237481738302,1002,167,9,7
2158,-1.319338334311436,1002,167,9,7
2159,-1.4309972459258746,1002,167,9,7
2160,99.4690702171858,624,104,10,7
2161,99.59939198642338,366,61,10,7
2162,99.64145998141912,426,71,10,7
2163,99.63040940669035,366,61,10,7
2164,99.71010482455515,282,47,10,7
2165,99.70283557241795,318,53,10,7
2166,99.62720246294916,462,77,10,7
2167,99.65865046519961,462,77,10,7
2168,99.65137632836961,426,71,10,7
2169,99.60174366092188,546,91,10,7
2170,99.66835923117634,474,79,10,7
2171,99.71182402881081,360,60,10,7
2172,99.5758531780236,390,65,10,7
2173,99.62176068634541,372,62,10,7
2174,99.6398531645943,360,60,10,7
2175,99.69059471981052,354,59,10,7
2176,99.60505184285266,402,67,10,7
2177,99.62295497293195,432,72,10,7
2178,99.61500221270718,474,79,10,7
2179,99.63613274914408,324,54,10,7
2180,99.48048356998055,354,59,11,7
2181,99.50669461765172,282,47,11,7
2182,99.53359734640586,312,52,11,7
2183,99.54779315339223,402,67,11,7
2184,99.51963998271455,432,72,11,7
2185,99.48457745719617,354,59,11,7
2186,99.5464970212797,396,66,11,7
2187,99.45892844719589,288,48,11,7
2188,99.60115495768508,282,47,11,7
2189,99.5412060152512,354,59,11,7
2190,99.54188434037292,348,58,11,7
2191,99.46193961844736,360,60,11,7
2192,99.59123853873292,318,53,11,7
2193,99.50181304048957,318,53,11,7
2194,99.50768614212144,282,47,11,7
2195,99.55108749590394,282,47,11,7
2196,99.4470830318998,330,55,11,7
2197,99.39431592198304,408,68,11,7
2198,99.59643531696778,282,47,11,7
2199,99.5025195548925,348,58,11,7
2200,99.56207775641762,204,34,12,7
2201,99.09324501347349,504,84,12,7
2202,99.3873648302928,354,59,12,7
2203,99.45123371356034,318,53,12,7
2204,99.3987015999113,348,58,12,7
2205,99.27247438520753,330,55,12,7
2206,99.23445892977901,360,60,12,7
2207,99.43120181896596,246,41,12,7
2208,99.32440894463409,318,53,12,7
2209,99.2091238453916,366,61,12,7
2210,99.26303596774677,306,51,12,7
2211,99.53749426420498,204,34,12,7
2212,99.07107519676067,456,76,12,7
2213,99.44053386694931,312,52,12,7
2214,99.2487019153039,300,50,12,7
2215,99.1635974034555,420,70,12,7
2216,99.27065203419443,390,65,12,7
2217,99.37230894194025,354,59,12,7
2218,99.22432828739747,426,71,12,7
2219,99.36922795019376,282,47,12,7
2220,99.37533706124687,300,50,13,7
2221,99.2953434225538,378,63,13,7
2222,99.32325782900489,312,52,13,7
2223,99.37499510862905,336,56,13,7
2224,99.39337402820058,294,49,13,7
2225,99.62151817425482,210,35,13,7
2226,99.37843902753062,366,61,13,7
2227,99.5755216056366,246,41,13,7
2228,99.43098604784127,282,47,13,7
2229,99.38204735851205,390,65,13,7
2230,99.45470533685558,324,54,13,7
2231,99.37685763651243,324,54,13,7
2232,99.21520524545268,462,77,13,7
2233,99.53984361557195,246,41,13,7
2234,99.62840874777929,210,35,13,7
2235,99.47965677630484,324,54,13,7
2236,99.45566401603888,288,48,13,7
2237,99.31203811702343,336,56,13,7
2238,99.390444563473,318,53,13,7
2239,99.5598556747349,246,41,13,7
2240,-0.4368389873308436,1002,167,0,8
2241,-0.42261739600345394,1002,167,0,8
2242,-0.4297548140834555,1002,167,0,8
2243,-0.4254998987202798,1002,167,0,8
2244,-0.42491461132599784,1002,167,0,8
2245,-0.4243806409395549,1002,167,0,8
2246,-0.4288752207649289,1002,167,0,8
2247,-0.42792007756852013,1002,167,0,8
2248,-0.44061101107510237,1002,167,0,8
2249,-0.42960020148845934,1002,167,0,8
2250,-0.4237996791649845,1002,167,0,8
2251,-0.4279179134212856,1002,167,0,8
2252,-0.4189847547851286,1002,167,0,8
2253,-0.44244485545602896,1002,167,0,8
2254,-0.42803097976190246,1002,167,0,8
2255,-0.4326679388031922,1002,167,0,8
2256,-0.4265361194769219,1002,167,0,8
2257,-0.42554514132477445,1002,167,0,8
2258,-0.4236667900464538,1002,167,0,8
2259,-0.4239485563929385,1002,167,0,8
2260,99.63279649225635,738,123,1,8
2261,-0.2859697550094098,1002,167,1,8
2262,-0.2841040892573474,1002,167,1,8
2263,99.64436236978304,696,116,1,8
2264,99.6139330050776,774,129,1,8
2265,99.59265750992073,846,141,1,8
2266,99.54521150613417,930,155,1,8
2267,99.57385594881653,822,137,1,8
2268,-0.348309257228986,1002,167,1,8
2269,-0.3697701940989767,1002,167,1,8
2270,99.63880504248239,702,117,1,8
2271,99.53966953815542,930,155,1,8
2272,99.58459045869738,894,149,1,8
2273,99.63030351568632,702,117,1,8
2274,-0.4103427875472394,1002,167,1,8
2275,-0.39598911771558426,1002,167,1,8
2276,-0.25258970767972744,1002,167,1,8
2277,-0.4081377418129084,1002,167,1,8
2278,99.50512918883106,954,159,1,8
2279,-0.2952481555314981,1002,167,1,8
2280,99.38970497249942,834,139,2,8
2281,99.1822476153003,552,92,2,8
2282,99.36750850629272,648,108,2,8
2283,99.34527660630332,576,96,2,8
2284,99.23670107529861,774,129,2,8
2285,99.09635026760338,984,164,2,8
2286,99.37834629340136,678,113,2,8
2287,99.39614182838328,672,112,2,8
2288,99.34209505640392,534,89,2,8
2289,99.36102479153344,570,95,2,8
2290,99.03947210234658,792,132,2,8
2291,99.37800292501804,456,76,2,8
2292,99.32557227550267,612,102,2,8
2293,-0.16356358534566234,1002,167,2,8
2294,99.3371524413566,996,166,2,8
2295,-0.6847496118324825,1002,167,2,8
2296,99.27244329612827,546,91,2,8
2297,99.32427666539343,498,83,2,8
2298,99.39302016840652,606,101,2,8
2299,99.19023085015009,696,116,2,8
2300,-0.6104850590790648,1002,167,3,8
2301,99.13324157612398,510,85,3,8
2302,99.07400406509045,624,104,3,8
2303,99.17413243013469,426,71,3,8
2304,99.23998733344249,498,83,3,8
2305,99.14027594450735,648,108,3,8
2306,99.24512782043762,774,129,3,8
2307,98.98307002965333,486,81,3,8
2308,99.13554161414251,468,78,3,8
2309,99.24917265964716,420,70,3,8
2310,99.21741452274723,654,109,3,8
2311,99.1694034835345,438,73,3,8
2312,99.13255576303149,540,90,3,8
2313,99.21459016440895,504,84,3,8
2314,99.04117021278188,474,79,3,8
2315,99.21572282898317,678,113,3,8
2316,99.21995677990226,894,149,3,8
2317,98.81411233270902,648,108,3,8
2318,98.97094561362755,990,165,3,8
2319,99.22145032660626,462,77,3,8
2320,98.93805546088448,708,118,4,8
2321,98.91939320034439,468,78,4,8
2322,98.962751152035,744,124,4,8
2323,99.03104189179616,426,71,4,8
2324,99.07470272582577,462,77,4,8
2325,99.0923244836941,426,71,4,8
2326,98.6910500750016,558,93,4,8
2327,99.14180413395042,420,70,4,8
2328,99.03025350715203,504,84,4,8
2329,99.03922872204441,396,66,4,8
2330,98.75623272039832,654,109,4,8
2331,99.128408028527,420,70,4,8
2332,99.07710037425342,348,58,4,8
2333,98.67978900405755,486,81,4,8
2334,99.1444171443778,384,64,4,8
2335,98.93892333421832,480,80,4,8
2336,98.90128131855579,468,78,4,8
2337,99.09220630222536,492,82,4,8
2338,99.04467592241221,576,96,4,8
2339,99.04530555520228,504,84,4,8
2340,98.98179463839078,390,65,5,8
2341,98.92440968525189,594,99,5,8
2342,98.91768422494587,624,104,5,8
2343,98.91288692649381,672,112,5,8
2344,98.56300798746594,570,95,5,8
2345,99.0592781259155,420,70,5,8
2346,98.96451805253427,822,137,5,8
2347,98.7664464031197,792,132,5,8
2348,98.9554909227169,708,118,5,8
2349,99.07834783588257,432,72,5,8
2350,98.7637537621424,786,131,5,8
2351,98.69955594111798,642,107,5,8
2352,98.96965751478038,504,84,5,8
2353,98.72105800263198,672,112,5,8
2354,98.85596213630826,720,120,5,8
2355,98.53831868657375,570,95,5,8
2356,98.93263464580926,678,113,5,8
2357,98.97319248830043,474,79,5,8
2358,98.67650282341198,564,94,5,8
2359,98.89521247738081,666,111,5,8
2360,98.53422451850491,510,85,6,8
2361,98.6492550763776,312,52,6,8
2362,98.65982816414753,390,65,6,8
2363,98.29545376550142,444,74,6,8
2364,98.64879506270701,570,95,6,8
2365,98.67445475425232,312,52,6,8
2366,98.63331559528446,330,55,6,8
2367,98.7825111487188,426,71,6,8
2368,98.77565635598008,354,59,6,8
2369,98.64573269223952,402,67,6,8
2370,98.75530120990335,432,72,6,8
2371,98.59547033204638,318,53,6,8
2372,98.56172172799074,582,97,6,8
2373,98.60841152604155,390,65,6,8
2374,98.50861910277285,468,78,6,8
2375,98.5577308423599,318,53,6,8
2376,98.72435698989759,384,64,6,8
2377,98.08106162195755,726,121,6,8
2378,98.46855321971312,516,86,6,8
2379,98.54682700876478,432,72,6,8
2380,98.71822831875475,240,40,7,8
2381,98.76756451269159,240,40,7,8
2382,98.48081831523456,426,71,7,8
2383,98.66776847305445,312,52,7,8
2384,98.09805720327637,504,84,7,8
2385,98.66103262450775,396,66,7,8
2386,98.62915714103974,396,66,7,8
2387,98.5112875201756,438,73,7,8
2388,98.5643198168155,318,53,7,8
2389,98.56564185444728,444,74,7,8
2390,98.30643207429691,438,73,7,8
2391,98.51413014537505,360,60,7,8
2392,97.8262195724115,702,117,7,8
2393,98.52222222702025,426,71,7,8
2394,97.65260739091042,516,86,7,8
2395,97.85038747022439,420,70,7,8
2396,98.26905687199202,366,61,7,8
2397,98.43995441471336,450,75,7,8
2398,98.59084752526627,360,60,7,8
2399,98.12938779088712,414,69,7,8
2400,98.90328056298578,348,58,8,8
2401,98.95717581819511,306,51,8,8
2402,98.78113348743145,354,59,8,8
2403,98.96722283504961,348,58,8,8
2404,98.7019514619836,438,73,8,8
2405,98.89355209143558,432,72,8,8
2406,99.06106554364136,306,51,8,8
2407,99.0591961630311,306,51,8,8
2408,98.93339662748805,348,58,8,8
2409,98.97674671223267,234,39,8,8
2410,99.03484697550802,372,62,8,8
2411,98.98919976656032,312,52,8,8
2412,98.46374941629121,414,69,8,8
2413,98.83144558307474,474,79,8,8
2414,98.79370005257546,348,58,8,8
2415,98.65243712323637,318,53,8,8
2416,98.60866772962476,318,53,8,8
2417,98.85935324756377,354,59,8,8
2418,98.71771493018376,360,60,8,8
2419,98.30491789828709,342,57,8,8
2420,99.07484005978515,270,45,9,8
2421,98.4972651629679,444,74,9,8
2422,98.98642863938578,282,47,9,8
2423,98.99376490865396,282,47,9,8
2424,98.58924324355499,408,68,9,8
2425,98.55273286566386,504,84,9,8
2426,98.60122509012882,372,62,9,8
2427,98.50715645136248,414,69,9,8
2428,98.89655022240451,312,52,9,8
2429,98.95073126251835,456,76,9,8
2430,99.17689542246664,264,44,9,8
2431,99.01304960321754,318,53,9,8
2432,99.07773207137643,354,59,9,8
2433,98.82377866588264,432,72,9,8
2434,98.98801391989826,360,60,9,8
2435,98.97281776876545,312,52,9,8
2436,98.41140687014405,378,63,9,8
2437,98.94302724762943,354,59,9,8
2438,99.03916600396236,312,52,9,8
2439,98.86804034178084,396,66,9,8
2440,97.47884652027271,444,74,10,8
2441,98.67583863227375,402,67,10,8
2442,98.44361884828585,534,89,10,8
2443,98.73740405824576,306,51,10,8
2444,98.7792348753064,486,81,10,8
2445,98.57816722772533,390,65,10,8
2446,98.71826514401378,384,64,10,8
2447,98.8298521354203,516,86,10,8
2448,98.50611344367867,528,88,10,8
2449,98.70617438796384,306,51,10,8
2450,98.63516893807649,396,66,10,8
2451,98.81208642057032,288,48,10,8
2452,98.37355264058739,396,66,10,8
2453,98.41801039174577,354,59,10,8
2454,98.74652872916381,396,66,10,8
2455,98.49794622460179,402,67,10,8
2456,98.50647238554097,402,67,10,8
2457,98.77767811393893,336,56,10,8
2458,98.4547161112291,570,95,10,8
2459,98.75913408351397,348,58,10,8
2460,98.18321379269337,378,63,11,8
2461,97.39061811960187,840,140,11,8
2462,98.34879438859151,366,61,11,8
2463,97.87761425479142,438,73,11,8
2464,97.66951788324643,696,116,11,8
2465,97.13707148645554,456,76,11,8
2466,97.04151882089155,456,76,11,8
2467,97.76992561690498,426,71,11,8
2468,97.88765365987224,378,63,11,8
2469,98.16250149664367,438,73,11,8
2470,98.18990004663353,408,68,11,8
2471,97.90049920941638,444,74,11,8
2472,97.71117037222598,462,77,11,8
2473,97.74887330430047,510,85,11,8
2474,97.4762818130427,780,130,11,8
2475,98.10776025411884,426,71,11,8
2476,98.14386096357435,426,71,11,8
2477,96.85262690652436,672,112,11,8
2478,97.01756274122693,582,97,11,8
2479,97.32073599328905,582,97,11,8
2480,98.37953219433052,486,81,12,8
2481,97.54765890734072,432,72,12,8
2482,98.14219700524322,492,82,12,8
2483,97.95105362764411,450,75,12,8
2484,98.47777063119884,318,53,12,8
2485,98.29957046776528,402,67,12,8
2486,98.68699256986292,432,72,12,8
2487,98.34798351483802,408,68,12,8
2488,97.29969329885162,684,114,12,8
2489,98.91703053383448,204,34,12,8
2490,97.28941579265475,450,75,12,8
2491,97.87725690467775,558,93,12,8
2492,98.64244360728905,492,82,12,8
2493,98.5489747603572,318,53,12,8
2494,98.41951615548011,408,68,12,8
2495,98.54126845045664,324,54,12,8
2496,98.04004769781515,414,69,12,8
2497,97.56634555258314,684,114,12,8
2498,98.06570021430645,462,77,12,8
2499,98.65410505484749,312,52,12,8
2500,96.41261509552233,378,63,13,8
2501,95.875537084729,516,86,13,8
2502,93.70776559753799,834,139,13,8
2503,-6.748636467166969,1002,167,13,8
2504,94.26358491340923,714,119,13,8
2505,94.36032185838346,702,117,13,8
2506,-7.147243834263563,1002,167,13,8
2507,95.20513616082724,612,102,13,8
2508,-7.548853231382188,1002,167,13,8
2509,95.48052084236407,486,81,13,8
2510,96.6641032805298,366,61,13,8
2511,95.9794516883153,498,83,13,8
2512,95.305241065189,612,102,13,8
2513,95.26617775861052,612,102,13,8
2514,93.92230444118917,846,141,13,8
2515,93.12579333049487,810,135,13,8
2516,96.56926820002842,378,63,13,8
2517,94.45244607134815,702,117,13,8
2518,-6.340669732146127,1002,167,13,8
2519,95.95796902392526,480,80,13,8
2520,-0.10120715019763363,1002,167,0,9
2521,-0.1011051437330884,1002,167,0,9
2522,-0.09773783473858805,1002,167,0,9
2523,-0.10062908081459127,1002,167,0,9
2524,-0.09902443756331608,1002,167,0,9
2525,-0.10398092860190644,1002,167,0,9
2526,-0.10156746001974978,1002,167,0,9
2527,-0.10258542153485375,1002,167,0,9
2528,-0.09889722581598709,1002,167,0,9
2529,-0.09830088606423086,1002,167,0,9
2530,-0.09169244877455317,1002,167,0,9
2531,-0.10309273762601236,1002,167,0,9
2532,-0.10534477708964385,1002,167,0,9
2533,-0.09914427458954676,1002,167,0,9
2534,-0.09968418158774629,1002,167,0,9
2535,-0.10174581350479998,1002,167,0,9
2536,-0.10084105475794816,1002,167,0,9
2537,-0.10312051787024655,1002,167,0,9
2538,-0.10311884122662174,1002,167,0,9
2539,-0.10341002830133225,1002,167,0,9
2540,-1.7841835951277578,1002,167,1,9
2541,-2.0530289251962612,1002,167,1,9
2542,-1.4498000199834489,1002,167,1,9
2543,-1.8823429090148465,1002,167,1,9
2544,-2.1136069199491403,1002,167,1,9
2545,-1.6986635519320181,1002,167,1,9
2546,-1.9049179051902971,1002,167,1,9
2547,-1.0609265865145472,1002,167,1,9
2548,-2.059344903726447,1002,167,1,9
2549,-1.7426307846474618,1002,167,1,9
2550,-1.916484242657147,1002,167,1,9
2551,-1.6150210658391184,1002,167,1,9
2552,-1.6854617502214162,1002,167,1,9
2553,-2.0675689969381077,1002,167,1,9
2554,-1.602390863464343,1002,167,1,9
2555,-1.768206986739704,1002,167,1,9
2556,-1.6962006698477525,1002,167,1,9
2557,-1.3828900285048844,1002,167,1,9
2558,-2.0484319853001702,1002,167,1,9
2559,-1.2875363046705106,1002,167,1,9
2560,-2.501329228823349,1002,167,2,9
2561,-1.8002919547286884,1002,167,2,9
2562,-2.2128502669576906,1002,167,2,9
2563,-2.63017396711498,1002,167,2,9
2564,-1.9905357568543784,1002,167,2,9
2565,-2.6180753869421336,1002,167,2,9
2566,-2.2314505108898697,1002,167,2,9
2567,-2.090449912644961,1002,167,2,9
2568,-1.7673845511896806,1002,167,2,9
2569,-1.6335097034232773,1002,167,2,9
2570,-2.3928208110222133,1002,167,2,9
2571,-2.898311301106924,1002,167,2,9
2572,-2.791720343116178,1002,167,2,9
2573,-2.7132252670973926,1002,167,2,9
2574,-2.4650194388017175,1002,167,2,9
2575,-1.8763366999624043,1002,167,2,9
2576,-1.542114404092954,1002,167,2,9
2577,-2.434431534248567,1002,167,2,9
2578,-2.3683892757270852,1002,167,2,9
2579,-2.1678266889154543,1002,167,2,9
2580,99.12381644323244,702,117,3,9
2581,99.41029475258706,414,69,3,9
2582,-1.0899967708504503,1002,167,3,9
2583,99.18186481497753,492,82,3,9
2584,-1.1338214440107237,1002,167,3,9
2585,98.80600587059557,720,120,3,9
2586,99.24794709507826,420,70,3,9
2587,-1.1729203930145364,1002,167,3,9
2588,-1.3242158426118564,1002,167,3,9
2589,99.10846342515744,498,83,3,9
2590,99.0485829656768,498,83,3,9
2591,98.87415978598088,780,130,3,9
2592,98.94289276241611,708,118,3,9
2593,99.49351225003039,414,69,3,9
2594,98.87806276744166,582,97,3,9
2595,-1.1506115479301022,1002,167,3,9
2596,-1.054465296991605,1002,167,3,9
2597,-1.1651380434556469,1002,167,3,9
2598,-1.178756736839984,1002,167,3,9
2599,99.32753403557963,486,81,3,9
2600,99.28091567168616,522,87,4,9
2601,99.07233069906924,648,108,4,9
2602,99.21415044492835,414,69,4,9
2603,99.15169716586797,420,70,4,9
2604,99.38154942266783,510,85,4,9
2605,99.25343225366349,510,85,4,9
2606,99.37074011566719,408,68,4,9
2607,99.24122091638648,414,69,4,9
2608,99.62288347151768,270,45,4,9
2609,99.20001720068352,420,70,4,9
2610,99.14501105929618,738,123,4,9
2611,99.2151654928174,510,85,4,9
2612,99.3362113297487,552,92,4,9
2613,99.32202022396734,564,94,4,9
2614,99.55309782985381,336,56,4,9
2615,-1.0332997316452779,1002,167,4,9
2616,99.25051569702299,594,99,4,9
2617,99.61637741659582,270,45,4,9
2618,99.32114508590976,618,103,4,9
2619,99.47236146326887,450,75,4,9
2620,99.084031672377,276,46,5,9
2621,99.40314729089302,294,49,5,9
2622,99.41898185643176,270,45,5,9
2623,99.12424436509939,276,46,5,9
2624,99.23503885738855,360,60,5,9
2625,99.3195316283199,462,77,5,9
2626,99.21490690138542,312,52,5,9
2627,99.13443293367867,312,52,5,9
2628,99.47431234016373,270,45,5,9
2629,99.45033266020053,198,33,5,9
2630,99.02389651684447,282,47,5,9
2631,98.92474856449637,366,61,5,9
2632,99.51031166309882,234,39,5,9
2633,99.00114992917254,354,59,5,9
2634,99.29989931224327,234,39,5,9
2635,99.46287936551471,270,45,5,9
2636,99.31135580435793,276,46,5,9
2637,99.48435676447987,198,33,5,9
2638,99.1402656712517,324,54,5,9
2639,99.4780503930615,234,39,5,9
2640,98.98785210984657,312,52,6,9
2641,98.98626892585881,246,41,6,9
2642,99.54414219938919,240,40,6,9
2643,98.83703778206095,330,55,6,9
2644,99.62394043014872,168,28,6,9
2645,99.40914344954233,264,44,6,9
2646,99.40714648734352,276,46,6,9
2647,99.3787398461092,192,32,6,9
2648,99.37809235641778,270,45,6,9
2649,98.9687944605669,282,47,6,9
2650,99.4532480050416,270,45,6,9
2651,99.22594134351444,234,39,6,9
2652,99.1415391939229,354,59,6,9
2653,99.04771768752546,240,40,6,9
2654,99.4278036179746,186,31,6,9
2655,99.48224326222551,198,33,6,9
2656,99.47167935151066,270,45,6,9
2657,99.44279859540272,312,52,6,9
2658,99.40068640992475,270,45,6,9
2659,99.44315484451583,264,44,6,9
2660,99.46713490627312,198,33,7,9
2661,99.5664559699491,240,40,7,9
2662,99.61670972343151,168,28,7,9
2663,99.08546184389412,360,60,7,9
2664,99.40426576503718,306,51,7,9
2665,99.15497531697557,318,53,7,9
2666,99.57760127312852,210,35,7,9
2667,99.44383533314962,288,48,7,9
2668,99.54571033754351,210,35,7,9
2669,99.38989654575718,198,33,7,9
2670,98.9037295823693,360,60,7,9
2671,99.34555898014159,240,40,7,9
2672,99.45078923306818,198,33,7,9
2673,99.11356354783182,270,45,7,9
2674,99.07134906261453,282,47,7,9
2675,99.44787958282078,192,32,7,9
2676,99.48012181314417,198,33,7,9
2677,99.25290381300842,198,33,7,9
2678,99.33576816091764,240,40,7,9
2679,99.44522895879334,192,32,7,9
2680,99.15146368562618,234,39,8,9
2681,99.43535888987762,204,34,8,9
2682,99.38782444974366,234,39,8,9
2683,99.36003714673205,324,54,8,9
2684,99.21934167284718,198,33,8,9
2685,98.83201889055196,330,55,8,9
2686,98.76479599057235,258,43,8,9
2687,99.16619186627183,198,33,8,9
2688,99.21956904429979,198,33,8,9
2689,99.38993484068604,198,33,8,9
2690,99.5508017257263,168,28,8,9
2691,98.91149344225155,282,47,8,9
2692,99.51316583438097,240,40,8,9
2693,99.45857395528385,318,53,8,9
2694,99.26267092443115,282,47,8,9
2695,98.81543240454432,288,48,8,9
2696,99.37580452476321,228,38,8,9
2697,98.96794327150326,204,34,8,9
2698,99.16047147010894,198,33,8,9
2699,98.97869644583149,252,42,8,9
2700,99.05207337311163,204,34,9,9
2701,99.48319692400567,174,29,9,9
2702,99.33990584077313,204,34,9,9
2703,99.50392807598193,174,29,9,9
2704,99.36624070292736,252,42,9,9
2705,99.08948978004582,264,44,9,9
2706,99.437738682511,174,29,9,9
2707,99.37963606241512,240,40,9,9
2708,98.94270579884765,258,43,9,9
2709,98.96919868080825,318,53,9,9
2710,99.2323055096435,204,34,9,9
2711,99.34997813109557,198,33,9,9
2712,99.40492090633141,216,36,9,9
2713,99.45995841376296,168,28,9,9
2714,99.44362869671646,168,28,9,9
2715,98.85624858763852,306,51,9,9
2716,99.39035329286584,258,43,9,9
2717,99.53198823261687,216,36,9,9
2718,98.8853274268602,336,56,9,9
2719,98.94522171186676,252,42,9,9
2720,99.36793505053568,282,47,10,9
2721,99.4067721152176,198,33,10,9
2722,99.34586553436155,258,43,10,9
2723,99.43727911591793,234,39,10,9
2724,99.34242506424417,294,49,10,9
2725,99.32110531119746,234,39,10,9
2726,99.1711660075677,312,52,10,9
2727,99.49899144168594,204,34,10,9
2728,99.04884250703881,342,57,10,9
2729,98.81273047873901,336,56,10,9
2730,99.1206250069315,312,52,10,9
2731,99.4815069487332,198,33,10,9
2732,99.2709541724139,330,55,10,9
2733,99.29655758203863,234,39,10,9
2734,99.54868442416016,246,41,10,9
2735,99.49896469114466,162,27,10,9
2736,99.03101826980709,282,47,10,9
2737,99.3487281451779,198,33,10,9
2738,99.4661697049921,192,32,10,9
2739,98.91138965446783,354,59,10,9
2740,99.36716046407139,192,32,11,9
2741,99.01465170950092,306,51,11,9
2742,99.44711497418422,192,32,11,9
2743,99.2822642352137,318,53,11,9
2744,99.4608806034927,240,40,11,9
2745,99.41618737845721,192,32,11,9
2746,99.14781380705708,282,47,11,9
2747,99.49784254780742,216,36,11,9
2748,99.43735592595343,192,32,11,9
2749,99.43916991077997,156,26,11,9
2750,99.2674421710936,234,39,11,9
2751,99.24142066572692,192,32,11,9
2752,99.26090719878712,222,37,11,9
2753,99.50989024093816,168,28,11,9
2754,99.18614845403953,192,32,11,9
2755,99.41561134380089,156,26,11,9
2756,99.29884763653601,258,43,11,9
2757,99.21045162001035,234,39,11,9
2758,99.15674097070098,234,39,11,9
2759,99.4530647118369,198,33,11,9
2760,99.23116996213923,240,40,12,9
2761,98.98882925271725,288,48,12,9
2762,99.10476585245462,288,48,12,9
2763,99.27039871508903,258,43,12,9
2764,98.94817867003835,294,49,12,9
2765,99.05040278432831,240,40,12,9
2766,99.46574678674727,162,27,12,9
2767,99.59935581848791,168,28,12,9
2768,99.3341879467315,192,32,12,9
2769,99.54903131282876,198,33,12,9
2770,98.97991747449717,336,56,12,9
2771,99.31682571111052,228,38,12,9
2772,99.60042548236908,168,28,12,9
2773,99.18546544598301,270,45,12,9
2774,98.88910564988399,258,43,12,9
2775,99.45493602764182,306,51,12,9
2776,99.56314587303434,168,28,12,9
2777,99.34197771352753,192,32,12,9
2778,99.1143593314827,312,52,12,9
2779,98.86103832431455,258,43,12,9
2780,99.49558321180301,306,51,13,9
2781,99.03516220777736,372,62,13,9
2782,99.2868815027403,222,37,13,9
2783,99.47975152294617,216,36,13,9
2784,99.54477336609094,228,38,13,9
2785,99.39231992551836,384,64,13,9
2786,98.84301338320361,432,72,13,9
2787,99.39397162673632,222,37,13,9
2788,99.44589082775742,294,49,13,9
2789,99.42860571782344,264,44,13,9
2790,99.4085767285549,300,50,13,9
2791,99.34041017229228,252,42,13,9
2792,99.28416043285888,384,64,13,9
2793,99.5588640027635,234,39,13,9
2794,99.0262655472762,378,63,13,9
2795,99.48967358922955,270,45,13,9
2796,99.34323968161215,252,42,13,9
2797,99.23410736607629,300,50,13,9
2798,99.25203148874694,264,44,13,9
2799,99.07290240759349,444,74,13,9
